date,stocks_kbbl,band_5yr_min,band_5yr_max,percentile_rank,wow_change_kbbl,pulled_at
1993-03-05,22300,,,,,2026-07-29 06:43:07 UTC
1993-03-12,22500,,,,200.0,2026-07-29 06:43:07 UTC
1993-03-19,21600,,,,-900.0,2026-07-29 06:43:07 UTC
1993-03-26,20400,,,,-1200.0,2026-07-29 06:43:07 UTC
1993-04-02,20500,,,,100.0,2026-07-29 06:43:07 UTC
1993-04-09,22200,,,,1700.0,2026-07-29 06:43:07 UTC
1993-04-16,23600,,,,1400.0,2026-07-29 06:43:07 UTC
1993-04-23,26100,,,,2500.0,2026-07-29 06:43:07 UTC
1993-04-30,28100,,,,2000.0,2026-07-29 06:43:07 UTC
1993-10-08,65100,,,,37000.0,2026-07-29 06:43:07 UTC
1993-10-15,66000,,,,900.0,2026-07-29 06:43:07 UTC
1993-10-22,65800,,,,-200.0,2026-07-29 06:43:07 UTC
1993-10-29,64900,,,,-900.0,2026-07-29 06:43:07 UTC
1993-11-05,60500,,,,-4400.0,2026-07-29 06:43:07 UTC
1993-11-12,58500,,,,-2000.0,2026-07-29 06:43:07 UTC
1993-11-19,56700,,,,-1800.0,2026-07-29 06:43:07 UTC
1993-11-26,57400,,,,700.0,2026-07-29 06:43:07 UTC
1993-12-03,56500,,,,-900.0,2026-07-29 06:43:07 UTC
1993-12-10,55200,,,,-1300.0,2026-07-29 06:43:07 UTC
1993-12-17,53600,,,,-1600.0,2026-07-29 06:43:07 UTC
1993-12-24,52700,,,,-900.0,2026-07-29 06:43:07 UTC
1993-12-31,49700,,,,-3000.0,2026-07-29 06:43:07 UTC
1994-01-07,46600,,,,-3100.0,2026-07-29 06:43:07 UTC
1994-01-14,42500,,,,-4100.0,2026-07-29 06:43:07 UTC
1994-01-21,37800,,,,-4700.0,2026-07-29 06:43:07 UTC
1994-01-28,33800,,,,-4000.0,2026-07-29 06:43:07 UTC
1994-02-04,30100,,,,-3700.0,2026-07-29 06:43:07 UTC
1994-02-11,27400,,,,-2700.0,2026-07-29 06:43:07 UTC
1994-02-18,24800,,,,-2600.0,2026-07-29 06:43:07 UTC
1994-02-25,23700,,,,-1100.0,2026-07-29 06:43:07 UTC
1994-03-04,23100,,,,-600.0,2026-07-29 06:43:07 UTC
1994-03-11,22400,,,,-700.0,2026-07-29 06:43:07 UTC
1994-03-18,22000,,,,-400.0,2026-07-29 06:43:07 UTC
1994-03-25,22800,,,,800.0,2026-07-29 06:43:07 UTC
1994-04-01,24000,,,,1200.0,2026-07-29 06:43:07 UTC
1994-10-07,59200,,,,35200.0,2026-07-29 06:43:07 UTC
1994-10-14,58800,,,,-400.0,2026-07-29 06:43:07 UTC
1994-10-21,57100,,,,-1700.0,2026-07-29 06:43:07 UTC
1994-10-28,55600,,,,-1500.0,2026-07-29 06:43:07 UTC
1994-11-04,54500,,,,-1100.0,2026-07-29 06:43:07 UTC
1994-11-11,54800,,,,300.0,2026-07-29 06:43:07 UTC
1994-11-18,53700,,,,-1100.0,2026-07-29 06:43:07 UTC
1994-11-25,54100,,,,400.0,2026-07-29 06:43:07 UTC
1994-12-02,53600,,,,-500.0,2026-07-29 06:43:07 UTC
1994-12-09,51500,,,,-2100.0,2026-07-29 06:43:07 UTC
1994-12-16,49600,,,,-1900.0,2026-07-29 06:43:07 UTC
1994-12-23,47600,,,,-2000.0,2026-07-29 06:43:07 UTC
1994-12-30,46900,,,,-700.0,2026-07-29 06:43:07 UTC
1995-01-06,44400,,,,-2500.0,2026-07-29 06:43:07 UTC
1995-01-13,40800,,,,-3600.0,2026-07-29 06:43:07 UTC
1995-01-20,39000,,,,-1800.0,2026-07-29 06:43:07 UTC
1995-01-27,36800,,,,-2200.0,2026-07-29 06:43:07 UTC
1995-02-03,33200,,,,-3600.0,2026-07-29 06:43:07 UTC
1995-02-10,28500,,,,-4700.0,2026-07-29 06:43:07 UTC
1995-02-17,26500,,,,-2000.0,2026-07-29 06:43:07 UTC
1995-02-24,24800,,,,-1700.0,2026-07-29 06:43:07 UTC
1995-03-03,24200,22300.0,23100.0,237.5,-600.0,2026-07-29 06:43:07 UTC
1995-03-10,23700,22400.0,22500.0,1300.0,-500.0,2026-07-29 06:43:07 UTC
1995-03-17,23100,21600.0,22000.0,375.0,-600.0,2026-07-29 06:43:07 UTC
1995-03-24,23200,20400.0,22800.0,116.66666666666667,100.0,2026-07-29 06:43:07 UTC
1995-03-31,25200,20500.0,24000.0,134.28571428571428,2000.0,2026-07-29 06:43:07 UTC
1995-10-06,57400,59200.0,65100.0,-30.508474576271187,32200.0,2026-07-29 06:43:07 UTC
1995-10-13,57600,58800.0,66000.0,-16.666666666666664,200.0,2026-07-29 06:43:07 UTC
1995-10-20,56100,57100.0,65800.0,-11.494252873563218,-1500.0,2026-07-29 06:43:07 UTC
1995-10-27,56400,55600.0,64900.0,8.60215053763441,300.0,2026-07-29 06:43:07 UTC
1995-11-03,56300,54500.0,60500.0,30.0,-100.0,2026-07-29 06:43:07 UTC
1995-11-10,55200,54800.0,58500.0,10.81081081081081,-1100.0,2026-07-29 06:43:07 UTC
1995-11-17,53400,53700.0,56700.0,-10.0,-1800.0,2026-07-29 06:43:07 UTC
1995-11-24,53000,54100.0,57400.0,-33.33333333333333,-400.0,2026-07-29 06:43:07 UTC
1995-12-01,51000,53600.0,56500.0,-89.65517241379311,-2000.0,2026-07-29 06:43:07 UTC
1995-12-08,49600,51500.0,55200.0,-51.35135135135135,-1400.0,2026-07-29 06:43:07 UTC
1995-12-15,46600,49600.0,53600.0,-75.0,-3000.0,2026-07-29 06:43:07 UTC
1995-12-22,45400,47600.0,52700.0,-43.13725490196079,-1200.0,2026-07-29 06:43:07 UTC
1995-12-29,42600,46900.0,49700.0,-153.57142857142858,-2800.0,2026-07-29 06:43:07 UTC
1996-01-05,41300,44400.0,46600.0,-140.9090909090909,-1300.0,2026-07-29 06:43:07 UTC
1996-01-12,37600,40800.0,42500.0,-188.23529411764704,-3700.0,2026-07-29 06:43:07 UTC
1996-01-19,35500,37800.0,39000.0,-191.66666666666669,-2100.0,2026-07-29 06:43:07 UTC
1996-01-26,31200,33800.0,36800.0,-86.66666666666667,-4300.0,2026-07-29 06:43:07 UTC
1996-02-02,28500,30100.0,33200.0,-51.61290322580645,-2700.0,2026-07-29 06:43:07 UTC
1996-02-09,24400,27400.0,28500.0,-272.7272727272727,-4100.0,2026-07-29 06:43:07 UTC
1996-02-16,22500,24800.0,26500.0,-135.29411764705884,-1900.0,2026-07-29 06:43:07 UTC
1996-02-23,20600,23700.0,24800.0,-281.8181818181818,-1900.0,2026-07-29 06:43:07 UTC
1996-03-01,20700,22300.0,24200.0,-84.21052631578947,100.0,2026-07-29 06:43:07 UTC
1996-03-08,20000,22400.0,23700.0,-184.6153846153846,-700.0,2026-07-29 06:43:07 UTC
1996-03-15,19100,21600.0,23100.0,-166.66666666666669,-900.0,2026-07-29 06:43:07 UTC
1996-03-22,19500,20400.0,23200.0,-32.142857142857146,400.0,2026-07-29 06:43:07 UTC
1996-10-11,49600,57600.0,66000.0,-95.23809523809523,30100.0,2026-07-29 06:43:07 UTC
1996-10-18,52300,56100.0,65800.0,-39.175257731958766,2700.0,2026-07-29 06:43:07 UTC
1996-10-25,51000,55600.0,64900.0,-49.46236559139785,-1300.0,2026-07-29 06:43:07 UTC
1996-11-01,49800,54500.0,60500.0,-78.33333333333333,-1200.0,2026-07-29 06:43:07 UTC
1996-11-08,49000,54800.0,58500.0,-156.75675675675674,-800.0,2026-07-29 06:43:07 UTC
1996-11-15,47600,53400.0,56700.0,-175.75757575757575,-1400.0,2026-07-29 06:43:07 UTC
1996-11-22,46400,53000.0,57400.0,-150.0,-1200.0,2026-07-29 06:43:07 UTC
1996-11-29,44800,51000.0,56500.0,-112.72727272727272,-1600.0,2026-07-29 06:43:07 UTC
1996-12-06,44200,49600.0,55200.0,-96.42857142857143,-600.0,2026-07-29 06:43:07 UTC
1996-12-13,43500,46600.0,53600.0,-44.285714285714285,-700.0,2026-07-29 06:43:07 UTC
1996-12-20,42100,45400.0,52700.0,-45.20547945205479,-1400.0,2026-07-29 06:43:07 UTC
1996-12-27,41500,42600.0,49700.0,-15.492957746478872,-600.0,2026-07-29 06:43:07 UTC
1997-01-03,42300,41300.0,46600.0,18.867924528301888,800.0,2026-07-29 06:43:07 UTC
1997-01-10,40000,37600.0,42500.0,48.97959183673469,-2300.0,2026-07-29 06:43:07 UTC
1997-01-17,37300,35500.0,39000.0,51.42857142857142,-2700.0,2026-07-29 06:43:07 UTC
1997-01-24,34400,31200.0,36800.0,57.14285714285714,-2900.0,2026-07-29 06:43:07 UTC
1997-01-31,32100,28500.0,33200.0,76.59574468085107,-2300.0,2026-07-29 06:43:07 UTC
1997-02-07,29800,24400.0,28500.0,131.70731707317074,-2300.0,2026-07-29 06:43:07 UTC
1997-02-14,27700,22500.0,26500.0,130.0,-2100.0,2026-07-29 06:43:07 UTC
1997-02-21,25500,20600.0,24800.0,116.66666666666667,-2200.0,2026-07-29 06:43:07 UTC
1997-02-28,24300,20700.0,24200.0,102.85714285714285,-1200.0,2026-07-29 06:43:07 UTC
1997-03-07,23900,20000.0,23700.0,105.40540540540539,-400.0,2026-07-29 06:43:07 UTC
1997-03-14,23400,19100.0,23100.0,107.5,-500.0,2026-07-29 06:43:07 UTC
1997-03-21,24100,19500.0,23200.0,124.32432432432432,700.0,2026-07-29 06:43:07 UTC
1997-03-28,25200,20500.0,25200.0,100.0,1100.0,2026-07-29 06:43:07 UTC
1997-04-04,26700,,,,1500.0,2026-07-29 06:43:07 UTC
1997-10-10,62200,49600.0,66000.0,76.82926829268293,35500.0,2026-07-29 06:43:07 UTC
1997-10-17,61500,52300.0,65800.0,68.14814814814815,-700.0,2026-07-29 06:43:07 UTC
1997-10-24,61600,51000.0,64900.0,76.2589928057554,100.0,2026-07-29 06:43:07 UTC
1997-10-31,60600,49800.0,60500.0,100.93457943925233,-1000.0,2026-07-29 06:43:07 UTC
1997-11-07,59500,49000.0,58500.0,110.5263157894737,-1100.0,2026-07-29 06:43:07 UTC
1997-11-14,57700,47600.0,56700.0,110.98901098901099,-1800.0,2026-07-29 06:43:07 UTC
1997-11-21,55300,46400.0,57400.0,80.9090909090909,-2400.0,2026-07-29 06:43:07 UTC
1997-11-28,52700,44800.0,56500.0,67.52136752136752,-2600.0,2026-07-29 06:43:07 UTC
1997-12-05,50700,44200.0,55200.0,59.09090909090909,-2000.0,2026-07-29 06:43:07 UTC
1997-12-12,47400,43500.0,53600.0,38.613861386138616,-3300.0,2026-07-29 06:43:07 UTC
1997-12-19,46300,42100.0,52700.0,39.62264150943396,-1100.0,2026-07-29 06:43:07 UTC
1997-12-26,44000,41500.0,49700.0,30.48780487804878,-2300.0,2026-07-29 06:43:07 UTC
1998-01-02,43200,41300.0,46600.0,35.84905660377358,-800.0,2026-07-29 06:43:07 UTC
1998-01-09,40000,37600.0,42500.0,48.97959183673469,-3200.0,2026-07-29 06:43:07 UTC
1998-01-16,38100,35500.0,39000.0,74.28571428571429,-1900.0,2026-07-29 06:43:07 UTC
1998-01-23,34700,31200.0,36800.0,62.5,-3400.0,2026-07-29 06:43:07 UTC
1998-01-30,33800,28500.0,33200.0,112.7659574468085,-900.0,2026-07-29 06:43:07 UTC
1998-02-06,32700,24400.0,29800.0,153.7037037037037,-1100.0,2026-07-29 06:43:07 UTC
1998-02-13,31000,22500.0,27700.0,163.46153846153845,-1700.0,2026-07-29 06:43:07 UTC
1998-02-20,30200,20600.0,25500.0,195.91836734693877,-800.0,2026-07-29 06:43:07 UTC
1998-02-27,30200,20700.0,24300.0,263.88888888888886,0.0,2026-07-29 06:43:07 UTC
1998-03-06,30100,20000.0,23900.0,258.974358974359,-100.0,2026-07-29 06:43:07 UTC
1998-03-13,29300,19100.0,23400.0,237.2093023255814,-800.0,2026-07-29 06:43:07 UTC
1998-03-20,27900,19500.0,24100.0,182.6086956521739,-1400.0,2026-07-29 06:43:07 UTC
1998-03-27,27600,20500.0,25200.0,151.06382978723406,-300.0,2026-07-29 06:43:07 UTC
1998-04-03,28500,22200.0,26700.0,140.0,900.0,2026-07-29 06:43:07 UTC
1998-10-09,77200,49600.0,66000.0,168.29268292682926,48700.0,2026-07-29 06:43:07 UTC
1998-10-16,76400,52300.0,65800.0,178.51851851851853,-800.0,2026-07-29 06:43:07 UTC
1998-10-23,76100,51000.0,64900.0,180.57553956834533,-300.0,2026-07-29 06:43:07 UTC
1998-10-30,76600,49800.0,60600.0,248.14814814814815,500.0,2026-07-29 06:43:07 UTC
1998-11-06,75400,49000.0,59500.0,251.42857142857142,-1200.0,2026-07-29 06:43:07 UTC
1998-11-13,73400,47600.0,57700.0,255.44554455445544,-2000.0,2026-07-29 06:43:07 UTC
1998-11-20,73300,46400.0,57400.0,244.54545454545453,-100.0,2026-07-29 06:43:07 UTC
1998-11-27,72800,44800.0,56500.0,239.31623931623932,-500.0,2026-07-29 06:43:07 UTC
1998-12-04,72800,44200.0,55200.0,260.0,0.0,2026-07-29 06:43:07 UTC
1998-12-11,71000,43500.0,53600.0,272.2772277227723,-1800.0,2026-07-29 06:43:07 UTC
1998-12-18,69200,42100.0,52700.0,255.6603773584906,-1800.0,2026-07-29 06:43:07 UTC
1998-12-25,67700,41500.0,49700.0,319.5121951219512,-1500.0,2026-07-29 06:43:07 UTC
1999-01-01,65400,,,,-2300.0,2026-07-29 06:43:07 UTC
1999-01-08,60600,41300.0,46600.0,364.1509433962264,-4800.0,2026-07-29 06:43:07 UTC
1999-01-15,54100,37600.0,42500.0,336.734693877551,-6500.0,2026-07-29 06:43:07 UTC
1999-01-22,48800,35500.0,39000.0,380.0,-5300.0,2026-07-29 06:43:07 UTC
1999-01-29,46000,31200.0,36800.0,264.2857142857143,-2800.0,2026-07-29 06:43:07 UTC
1999-02-05,44100,28500.0,33800.0,294.33962264150944,-1900.0,2026-07-29 06:43:07 UTC
1999-02-12,43100,24400.0,32700.0,225.3012048192771,-1000.0,2026-07-29 06:43:07 UTC
1999-02-19,42400,22500.0,31000.0,234.11764705882354,-700.0,2026-07-29 06:43:07 UTC
1999-02-26,41600,20600.0,30200.0,218.75,-800.0,2026-07-29 06:43:07 UTC
1999-03-05,40700,20700.0,30200.0,210.52631578947367,-900.0,2026-07-29 06:43:07 UTC
1999-03-12,38500,20000.0,30100.0,183.16831683168317,-2200.0,2026-07-29 06:43:07 UTC
1999-03-19,36300,19100.0,29300.0,168.62745098039215,-2200.0,2026-07-29 06:43:07 UTC
1999-03-26,34800,19500.0,27900.0,182.14285714285714,-1500.0,2026-07-29 06:43:07 UTC
1999-10-08,59200,57400.0,59200.0,100.0,24400.0,2026-07-29 06:43:07 UTC
1999-10-15,58900,49600.0,77200.0,33.69565217391305,-300.0,2026-07-29 06:43:07 UTC
1999-10-22,58700,52300.0,76400.0,26.556016597510375,-200.0,2026-07-29 06:43:07 UTC
1999-10-29,57900,51000.0,76100.0,27.490039840637447,-800.0,2026-07-29 06:43:07 UTC
1999-11-05,59300,49800.0,76600.0,35.44776119402985,1400.0,2026-07-29 06:43:07 UTC
1999-11-12,58200,49000.0,75400.0,34.84848484848485,-1100.0,2026-07-29 06:43:07 UTC
1999-11-19,58000,47600.0,73400.0,40.310077519379846,-200.0,2026-07-29 06:43:07 UTC
1999-11-26,57000,46400.0,73300.0,39.405204460966544,-1000.0,2026-07-29 06:43:07 UTC
1999-12-03,55700,44800.0,72800.0,38.92857142857143,-1300.0,2026-07-29 06:43:07 UTC
1999-12-10,51900,44200.0,72800.0,26.923076923076923,-3800.0,2026-07-29 06:43:07 UTC
1999-12-17,49700,43500.0,71000.0,22.545454545454547,-2200.0,2026-07-29 06:43:07 UTC
1999-12-24,47500,42100.0,69200.0,19.92619926199262,-2200.0,2026-07-29 06:43:07 UTC
1999-12-31,43000,41500.0,67700.0,5.7251908396946565,-4500.0,2026-07-29 06:43:07 UTC
2000-01-07,39601,41300.0,60600.0,-8.803108808290155,-3399.0,2026-07-29 06:43:07 UTC
2000-01-14,36557,37600.0,54100.0,-6.32121212121212,-3044.0,2026-07-29 06:43:07 UTC
2000-01-21,33699,35500.0,48800.0,-13.541353383458645,-2858.0,2026-07-29 06:43:07 UTC
2000-01-28,29690,31200.0,46000.0,-10.202702702702702,-4009.0,2026-07-29 06:43:07 UTC
2000-02-04,25872,28500.0,44100.0,-16.846153846153847,-3818.0,2026-07-29 06:43:07 UTC
2000-02-11,23348,24400.0,43100.0,-5.625668449197861,-2524.0,2026-07-29 06:43:07 UTC
2000-02-18,22595,22500.0,42400.0,0.47738693467336685,-753.0,2026-07-29 06:43:07 UTC
2000-02-25,21414,20600.0,41600.0,3.876190476190476,-1181.0,2026-07-29 06:43:07 UTC
2000-03-03,21137,20700.0,40700.0,2.185,-277.0,2026-07-29 06:43:07 UTC
2000-03-10,21593,20000.0,38500.0,8.610810810810811,456.0,2026-07-29 06:43:07 UTC
2000-03-17,21449,19100.0,36300.0,13.656976744186048,-144.0,2026-07-29 06:43:07 UTC
2000-03-24,20821,19500.0,34800.0,8.633986928104576,-628.0,2026-07-29 06:43:07 UTC
2000-03-31,21558,25200.0,27600.0,-151.75,737.0,2026-07-29 06:43:07 UTC
2000-04-07,21939,26700.0,28500.0,-264.5,381.0,2026-07-29 06:43:07 UTC
2000-10-13,63414,49600.0,77200.0,50.05072463768116,41475.0,2026-07-29 06:43:07 UTC
2000-10-20,63611,52300.0,76400.0,46.933609958506224,197.0,2026-07-29 06:43:07 UTC
2000-10-27,64393,51000.0,76100.0,53.35856573705179,782.0,2026-07-29 06:43:07 UTC
2000-11-03,65162,49800.0,76600.0,57.32089552238806,769.0,2026-07-29 06:43:07 UTC
2000-11-10,65507,49000.0,75400.0,62.52651515151515,345.0,2026-07-29 06:43:07 UTC
2000-11-17,65027,47600.0,73400.0,67.54651162790698,-480.0,2026-07-29 06:43:07 UTC
2000-11-24,63598,46400.0,73300.0,63.933085501858734,-1429.0,2026-07-29 06:43:07 UTC
2000-12-01,62073,44800.0,72800.0,61.68928571428572,-1525.0,2026-07-29 06:43:07 UTC
2000-12-08,58684,44200.0,72800.0,50.64335664335664,-3389.0,2026-07-29 06:43:07 UTC
2000-12-15,53715,43500.0,71000.0,37.14545454545455,-4969.0,2026-07-29 06:43:07 UTC
2000-12-22,48483,42100.0,69200.0,23.55350553505535,-5232.0,2026-07-29 06:43:07 UTC
2000-12-29,43412,41500.0,67700.0,7.297709923664122,-5071.0,2026-07-29 06:43:07 UTC
2001-01-05,39227,39601.0,60600.0,-1.7810371922472499,-4185.0,2026-07-29 06:43:07 UTC
2001-01-12,34095,36557.0,54100.0,-14.034087670295845,-5132.0,2026-07-29 06:43:07 UTC
2001-01-19,31958,33699.0,48800.0,-11.529037812065427,-2137.0,2026-07-29 06:43:07 UTC
2001-01-26,29527,29690.0,46000.0,-0.9993868792152053,-2431.0,2026-07-29 06:43:07 UTC
2001-02-02,29218,25872.0,44100.0,18.35637480798771,-309.0,2026-07-29 06:43:07 UTC
2001-02-09,27635,23348.0,43100.0,21.704131227217495,-1583.0,2026-07-29 06:43:07 UTC
2001-02-16,26549,22500.0,42400.0,20.346733668341706,-1086.0,2026-07-29 06:43:07 UTC
2001-02-23,25893,20600.0,41600.0,25.204761904761902,-656.0,2026-07-29 06:43:07 UTC
2001-03-02,24008,20700.0,40700.0,16.54,-1885.0,2026-07-29 06:43:07 UTC
2001-03-09,23626,20000.0,38500.0,19.6,-382.0,2026-07-29 06:43:07 UTC
2001-03-16,24018,19100.0,36300.0,28.593023255813954,392.0,2026-07-29 06:43:07 UTC
2001-03-23,24268,19500.0,34800.0,31.163398692810457,250.0,2026-07-29 06:43:07 UTC
2001-03-30,24137,21558.0,27600.0,42.684541542535584,-131.0,2026-07-29 06:43:07 UTC
2001-04-06,23987,21939.0,28500.0,31.214753848498706,-150.0,2026-07-29 06:43:07 UTC
2001-10-12,68950,49600.0,77200.0,70.1086956521739,44963.0,2026-07-29 06:43:07 UTC
2001-10-19,68874,52300.0,76400.0,68.77178423236514,-76.0,2026-07-29 06:43:07 UTC
2001-10-26,68440,51000.0,76100.0,69.4820717131474,-434.0,2026-07-29 06:43:07 UTC
2001-11-02,68824,49800.0,76600.0,70.98507462686567,384.0,2026-07-29 06:43:07 UTC
2001-11-09,68689,49000.0,75400.0,74.57954545454545,-135.0,2026-07-29 06:43:07 UTC
2001-11-16,70637,47600.0,73400.0,89.29069767441861,1948.0,2026-07-29 06:43:07 UTC
2001-11-23,70767,46400.0,73300.0,90.58364312267658,130.0,2026-07-29 06:43:07 UTC
2001-11-30,71346,44800.0,72800.0,94.80714285714285,579.0,2026-07-29 06:43:07 UTC
2001-12-07,70754,44200.0,72800.0,92.84615384615384,-592.0,2026-07-29 06:43:07 UTC
2001-12-14,69624,43500.0,71000.0,94.99636363636364,-1130.0,2026-07-29 06:43:07 UTC
2001-12-21,68797,42100.0,69200.0,98.5129151291513,-827.0,2026-07-29 06:43:07 UTC
2001-12-28,67579,41500.0,67700.0,99.5381679389313,-1218.0,2026-07-29 06:43:07 UTC
2002-01-04,65426,39227.0,60600.0,122.57989051607167,-2153.0,2026-07-29 06:43:07 UTC
2002-01-11,61209,34095.0,54100.0,135.53611597100726,-4217.0,2026-07-29 06:43:07 UTC
2002-01-18,57893,31958.0,48800.0,153.99002493765585,-3316.0,2026-07-29 06:43:07 UTC
2002-01-25,55717,29527.0,46000.0,158.9874339828811,-2176.0,2026-07-29 06:43:07 UTC
2002-02-01,53179,25872.0,44100.0,149.8079877112135,-2538.0,2026-07-29 06:43:07 UTC
2002-02-08,49861,23348.0,43100.0,134.22944511948157,-3318.0,2026-07-29 06:43:07 UTC
2002-02-15,47558,22595.0,42400.0,126.04392830093411,-2303.0,2026-07-29 06:43:07 UTC
2002-02-22,45933,21414.0,41600.0,121.46537204002775,-1625.0,2026-07-29 06:43:07 UTC
2002-03-01,42646,21137.0,40700.0,109.94734958850891,-3287.0,2026-07-29 06:43:07 UTC
2002-03-08,40109,21593.0,38500.0,109.51676820251967,-2537.0,2026-07-29 06:43:07 UTC
2002-03-15,39793,21449.0,36300.0,123.52030166318767,-316.0,2026-07-29 06:43:07 UTC
2002-03-22,39945,20821.0,34800.0,136.80520781171757,152.0,2026-07-29 06:43:07 UTC
2002-03-29,39261,21558.0,27600.0,292.9990069513406,-684.0,2026-07-29 06:43:07 UTC
2002-04-05,40234,21939.0,28500.0,278.8446883097089,973.0,2026-07-29 06:43:07 UTC
2002-10-11,69755,58900.0,77200.0,59.31693989071039,29521.0,2026-07-29 06:43:07 UTC
2002-10-18,67843,58700.0,76400.0,51.655367231638415,-1912.0,2026-07-29 06:43:07 UTC
2002-10-25,66485,57900.0,76100.0,47.17032967032967,-1358.0,2026-07-29 06:43:07 UTC
2002-11-01,64727,59300.0,76600.0,31.36994219653179,-1758.0,2026-07-29 06:43:07 UTC
2002-11-08,62043,58200.0,75400.0,22.343023255813954,-2684.0,2026-07-29 06:43:07 UTC
2002-11-15,61148,57700.0,73400.0,21.961783439490446,-895.0,2026-07-29 06:43:07 UTC
2002-11-22,61178,55300.0,73300.0,32.65555555555555,30.0,2026-07-29 06:43:07 UTC
2002-11-29,61099,52700.0,72800.0,41.78606965174129,-79.0,2026-07-29 06:43:07 UTC
2002-12-06,58269,50700.0,72800.0,34.248868778280546,-2830.0,2026-07-29 06:43:07 UTC
2002-12-13,55288,47400.0,71000.0,33.42372881355932,-2981.0,2026-07-29 06:43:07 UTC
2002-12-20,52877,46300.0,69200.0,28.72052401746725,-2411.0,2026-07-29 06:43:07 UTC
2002-12-27,52245,43000.0,67700.0,37.42914979757085,-632.0,2026-07-29 06:43:07 UTC
2003-01-03,50677,39227.0,65426.0,43.703958166342225,-1568.0,2026-07-29 06:43:07 UTC
2003-01-10,47635,34095.0,61209.0,49.9373017629269,-3042.0,2026-07-29 06:43:07 UTC
2003-01-17,43144,31958.0,57893.0,43.13090418353576,-4491.0,2026-07-29 06:43:07 UTC
2003-01-24,39037,29527.0,55717.0,36.31156930126002,-4107.0,2026-07-29 06:43:07 UTC
2003-01-31,32333,25872.0,53179.0,23.660599846193282,-6704.0,2026-07-29 06:43:07 UTC
2003-02-07,29451,23348.0,49861.0,23.018896390449967,-2882.0,2026-07-29 06:43:07 UTC
2003-02-14,25919,22595.0,47558.0,13.315707246725154,-3532.0,2026-07-29 06:43:07 UTC
2003-02-21,23002,21414.0,45933.0,6.476609975937028,-2917.0,2026-07-29 06:43:07 UTC
2003-02-28,20964,21137.0,42646.0,-0.8043144730112975,-2038.0,2026-07-29 06:43:07 UTC
2003-03-07,18860,21593.0,40109.0,-14.760207388204796,-2104.0,2026-07-29 06:43:07 UTC
2003-03-14,18167,21449.0,39793.0,-17.891408634976013,-693.0,2026-07-29 06:43:07 UTC
2003-03-21,18967,20821.0,39945.0,-9.694624555532315,800.0,2026-07-29 06:43:07 UTC
2003-03-28,19546,21558.0,39261.0,-11.365305315483251,579.0,2026-07-29 06:43:07 UTC
2003-04-04,21108,21939.0,40234.0,-4.542224651544138,1562.0,2026-07-29 06:43:07 UTC
2003-04-11,21681,,,,573.0,2026-07-29 06:43:07 UTC
2003-04-18,22278,,,,597.0,2026-07-29 06:43:07 UTC
2003-04-25,21877,,,,-401.0,2026-07-29 06:43:07 UTC
2003-05-02,23518,,,,1641.0,2026-07-29 06:43:07 UTC
2003-05-09,26753,,,,3235.0,2026-07-29 06:43:07 UTC
2003-05-16,28879,,,,2126.0,2026-07-29 06:43:07 UTC
2003-05-23,30362,,,,1483.0,2026-07-29 06:43:07 UTC
2003-05-30,33220,,,,2858.0,2026-07-29 06:43:07 UTC
2003-06-06,36093,,,,2873.0,2026-07-29 06:43:07 UTC
2003-06-13,39743,,,,3650.0,2026-07-29 06:43:07 UTC
2003-06-20,42595,,,,2852.0,2026-07-29 06:43:07 UTC
2003-06-27,44332,,,,1737.0,2026-07-29 06:43:07 UTC
2003-07-04,46822,,,,2490.0,2026-07-29 06:43:07 UTC
2003-07-11,48660,,,,1838.0,2026-07-29 06:43:07 UTC
2003-07-18,51643,,,,2983.0,2026-07-29 06:43:07 UTC
2003-07-25,53724,,,,2081.0,2026-07-29 06:43:07 UTC
2003-08-01,56181,,,,2457.0,2026-07-29 06:43:07 UTC
2003-08-08,58484,,,,2303.0,2026-07-29 06:43:07 UTC
2003-08-15,60557,,,,2073.0,2026-07-29 06:43:07 UTC
2003-08-22,61590,,,,1033.0,2026-07-29 06:43:07 UTC
2003-08-29,62716,,,,1126.0,2026-07-29 06:43:07 UTC
2003-09-05,63695,,,,979.0,2026-07-29 06:43:07 UTC
2003-09-12,64814,,,,1119.0,2026-07-29 06:43:07 UTC
2003-09-19,65436,,,,622.0,2026-07-29 06:43:07 UTC
2003-09-26,65026,,,,-410.0,2026-07-29 06:43:07 UTC
2003-10-03,64450,,,,-576.0,2026-07-29 06:43:07 UTC
2003-10-10,65837,58900.0,77200.0,37.90710382513661,1387.0,2026-07-29 06:43:07 UTC
2003-10-17,66344,58700.0,76400.0,43.186440677966104,507.0,2026-07-29 06:43:07 UTC
2003-10-24,65442,57900.0,76100.0,41.43956043956044,-902.0,2026-07-29 06:43:07 UTC
2003-10-31,66825,59300.0,76600.0,43.4971098265896,1383.0,2026-07-29 06:43:07 UTC
2003-11-07,65636,58200.0,75400.0,43.23255813953488,-1189.0,2026-07-29 06:43:07 UTC
2003-11-14,64984,58000.0,73400.0,45.350649350649356,-652.0,2026-07-29 06:43:07 UTC
2003-11-21,64348,57000.0,73300.0,45.079754601226995,-636.0,2026-07-29 06:43:07 UTC
2003-11-28,64175,55700.0,72800.0,49.56140350877193,-173.0,2026-07-29 06:43:07 UTC
2003-12-05,61911,51900.0,72800.0,47.89952153110048,-2264.0,2026-07-29 06:43:07 UTC
2003-12-12,59441,49700.0,71000.0,45.732394366197184,-2470.0,2026-07-29 06:43:07 UTC
2003-12-19,55007,47500.0,69200.0,34.59447004608295,-4434.0,2026-07-29 06:43:07 UTC
2003-12-26,52387,43000.0,67700.0,38.00404858299595,-2620.0,2026-07-29 06:43:07 UTC
2004-01-02,49970,39227.0,65426.0,41.00538188480476,-2417.0,2026-07-29 06:43:07 UTC
2004-01-09,46746,34095.0,61209.0,46.65855277716309,-3224.0,2026-07-29 06:43:07 UTC
2004-01-16,43001,31958.0,57893.0,42.579525737420475,-3745.0,2026-07-29 06:43:07 UTC
2004-01-23,36863,29527.0,55717.0,28.01069110347461,-6138.0,2026-07-29 06:43:07 UTC
2004-01-30,33955,25872.0,53179.0,29.600468744278025,-2908.0,2026-07-29 06:43:07 UTC
2004-02-06,30619,23348.0,49861.0,27.4242824274884,-3336.0,2026-07-29 06:43:07 UTC
2004-02-13,27935,22595.0,47558.0,21.391659656291313,-2684.0,2026-07-29 06:43:07 UTC
2004-02-20,26179,21414.0,45933.0,19.433908397569233,-1756.0,2026-07-29 06:43:07 UTC
2004-02-27,25925,20964.0,42646.0,22.88073055991145,-254.0,2026-07-29 06:43:07 UTC
2004-03-05,26709,18860.0,40109.0,36.938208856887385,784.0,2026-07-29 06:43:07 UTC
2004-03-12,26668,18167.0,39793.0,39.309164894108946,-41.0,2026-07-29 06:43:07 UTC
2004-03-19,27085,18967.0,39945.0,38.69768328725331,417.0,2026-07-29 06:43:07 UTC
2004-03-26,27538,19546.0,39261.0,40.53766167892468,453.0,2026-07-29 06:43:07 UTC
2004-04-02,27301,21108.0,40234.0,32.380006274181746,-237.0,2026-07-29 06:43:07 UTC
2004-04-09,27597,,,,296.0,2026-07-29 06:43:07 UTC
2004-04-16,27190,,,,-407.0,2026-07-29 06:43:07 UTC
2004-04-23,29089,,,,1899.0,2026-07-29 06:43:07 UTC
2004-04-30,31225,,,,2136.0,2026-07-29 06:43:07 UTC
2004-05-07,31307,,,,82.0,2026-07-29 06:43:07 UTC
2004-05-14,32082,,,,775.0,2026-07-29 06:43:07 UTC
2004-05-21,34289,,,,2207.0,2026-07-29 06:43:07 UTC
2004-05-28,35439,,,,1150.0,2026-07-29 06:43:07 UTC
2004-06-04,38029,,,,2590.0,2026-07-29 06:43:07 UTC
2004-06-11,39998,,,,1969.0,2026-07-29 06:43:07 UTC
2004-06-18,41190,,,,1192.0,2026-07-29 06:43:07 UTC
2004-06-25,42265,,,,1075.0,2026-07-29 06:43:07 UTC
2004-07-02,43628,,,,1363.0,2026-07-29 06:43:07 UTC
2004-07-09,44465,,,,837.0,2026-07-29 06:43:07 UTC
2004-07-16,46227,,,,1762.0,2026-07-29 06:43:07 UTC
2004-07-23,47974,,,,1747.0,2026-07-29 06:43:07 UTC
2004-07-30,49144,,,,1170.0,2026-07-29 06:43:07 UTC
2004-08-06,51465,,,,2321.0,2026-07-29 06:43:07 UTC
2004-08-13,52969,,,,1504.0,2026-07-29 06:43:07 UTC
2004-08-20,54836,,,,1867.0,2026-07-29 06:43:07 UTC
2004-08-27,57453,,,,2617.0,2026-07-29 06:43:07 UTC
2004-09-03,59689,,,,2236.0,2026-07-29 06:43:07 UTC
2004-09-10,61601,,,,1912.0,2026-07-29 06:43:07 UTC
2004-09-17,63790,,,,2189.0,2026-07-29 06:43:07 UTC
2004-09-24,67267,,,,3477.0,2026-07-29 06:43:07 UTC
2004-10-01,68345,59200.0,64450.0,174.19047619047618,1078.0,2026-07-29 06:43:07 UTC
2004-10-08,68614,58900.0,69755.0,89.48871487793643,269.0,2026-07-29 06:43:07 UTC
2004-10-15,68229,58700.0,68874.0,93.66031059563593,-385.0,2026-07-29 06:43:07 UTC
2004-10-22,68173,57900.0,68440.0,97.46679316888046,-56.0,2026-07-29 06:43:07 UTC
2004-10-29,67549,59300.0,68824.0,86.6127677446451,-624.0,2026-07-29 06:43:07 UTC
2004-11-05,67141,58200.0,68689.0,85.24168176184574,-408.0,2026-07-29 06:43:07 UTC
2004-11-12,64808,58000.0,70637.0,53.87354593653557,-2333.0,2026-07-29 06:43:07 UTC
2004-11-19,63725,57000.0,70767.0,48.84869615747803,-1083.0,2026-07-29 06:43:07 UTC
2004-11-26,62656,55700.0,71346.0,44.45864757765563,-1069.0,2026-07-29 06:43:07 UTC
2004-12-03,63686,51900.0,70754.0,62.511933807149674,1030.0,2026-07-29 06:43:07 UTC
2004-12-10,61456,49700.0,69624.0,59.00421602087934,-2230.0,2026-07-29 06:43:07 UTC
2004-12-17,58760,47500.0,68797.0,52.871296426726765,-2696.0,2026-07-29 06:43:07 UTC
2004-12-24,56733,43000.0,67579.0,55.87289962976525,-2027.0,2026-07-29 06:43:07 UTC
2004-12-31,55422,,,,-1311.0,2026-07-29 06:43:07 UTC
2005-01-07,52439,39227.0,65426.0,50.42940570250774,-2983.0,2026-07-29 06:43:07 UTC
2005-01-14,49027,34095.0,61209.0,55.07118093973593,-3412.0,2026-07-29 06:43:07 UTC
2005-01-21,45021,31958.0,57893.0,50.36822826296511,-4006.0,2026-07-29 06:43:07 UTC
2005-01-28,41808,29527.0,55717.0,46.89194348988163,-3213.0,2026-07-29 06:43:07 UTC
2005-02-04,39082,25872.0,53179.0,48.37587431794045,-2726.0,2026-07-29 06:43:07 UTC
2005-02-11,36365,23348.0,49861.0,49.09666955832988,-2717.0,2026-07-29 06:43:07 UTC
2005-02-18,33865,22595.0,47558.0,45.14681728958859,-2500.0,2026-07-29 06:43:07 UTC
2005-02-25,31559,21414.0,45933.0,41.376075696398715,-2306.0,2026-07-29 06:43:07 UTC
2005-03-04,32517,20964.0,42646.0,53.28382990499031,958.0,2026-07-29 06:43:07 UTC
2005-03-11,29104,18860.0,40109.0,48.2093274977646,-3413.0,2026-07-29 06:43:07 UTC
2005-03-18,27287,18167.0,39793.0,42.17146027929344,-1817.0,2026-07-29 06:43:07 UTC
2005-03-25,27017,18967.0,39945.0,38.37353417866336,-270.0,2026-07-29 06:43:07 UTC
2005-04-01,26770,19546.0,39261.0,36.6421506467157,-247.0,2026-07-29 06:43:07 UTC
2005-04-08,27772,21108.0,40234.0,34.84262260796821,1002.0,2026-07-29 06:43:07 UTC
2005-04-15,30140,21681.0,27597.0,142.98512508451657,2368.0,2026-07-29 06:43:07 UTC
2005-04-22,31534,22278.0,27190.0,188.43648208469054,1394.0,2026-07-29 06:43:07 UTC
2005-04-29,33185,21877.0,29089.0,156.79423183582918,1651.0,2026-07-29 06:43:07 UTC
2005-05-06,34652,23518.0,31225.0,144.46606980666928,1467.0,2026-07-29 06:43:07 UTC
2005-05-13,37772,26753.0,31307.0,241.96310935441372,3120.0,2026-07-29 06:43:07 UTC
2005-05-20,39892,28879.0,32082.0,343.8339057133937,2120.0,2026-07-29 06:43:07 UTC
2005-05-27,42160,30362.0,34289.0,300.43290043290045,2268.0,2026-07-29 06:43:07 UTC
2005-06-03,43638,33220.0,35439.0,469.4907616043262,1478.0,2026-07-29 06:43:07 UTC
2005-06-10,46063,36093.0,38029.0,514.9793388429753,2425.0,2026-07-29 06:43:07 UTC
2005-06-17,47015,39743.0,39998.0,2851.764705882353,952.0,2026-07-29 06:43:07 UTC
2005-06-24,49559,41190.0,42595.0,595.6583629893238,2544.0,2026-07-29 06:43:07 UTC
2005-07-01,53008,42265.0,44332.0,519.7387518142235,3449.0,2026-07-29 06:43:07 UTC
2005-07-08,55548,43628.0,46822.0,373.19974953036944,2540.0,2026-07-29 06:43:07 UTC
2005-07-15,57574,44465.0,48660.0,312.4910607866508,2026.0,2026-07-29 06:43:07 UTC
2005-07-22,59026,46227.0,51643.0,236.31831610044313,1452.0,2026-07-29 06:43:07 UTC
2005-07-29,62603,47974.0,53724.0,254.41739130434783,3577.0,2026-07-29 06:43:07 UTC
2005-08-05,63261,49144.0,56181.0,200.61105584766236,658.0,2026-07-29 06:43:07 UTC
2005-08-12,65323,51465.0,58484.0,197.43553212708363,2062.0,2026-07-29 06:43:07 UTC
2005-08-19,65547,52969.0,60557.0,165.76172904586187,224.0,2026-07-29 06:43:07 UTC
2005-08-26,65401,54836.0,61590.0,156.425821735268,-146.0,2026-07-29 06:43:07 UTC
2005-09-02,64846,57453.0,62716.0,140.4712141364241,-555.0,2026-07-29 06:43:07 UTC
2005-09-09,64241,59689.0,63695.0,113.62955566650027,-605.0,2026-07-29 06:43:07 UTC
2005-09-16,66193,61601.0,64814.0,142.91938997821353,1952.0,2026-07-29 06:43:07 UTC
2005-09-23,67389,63790.0,65436.0,218.6512758201701,1196.0,2026-07-29 06:43:07 UTC
2005-09-30,68592,65026.0,67267.0,159.12539045069164,1203.0,2026-07-29 06:43:07 UTC
2005-10-07,67449,64450.0,68345.0,76.9961489088575,-1143.0,2026-07-29 06:43:07 UTC
2005-10-14,67540,63414.0,69755.0,65.06860116700835,91.0,2026-07-29 06:43:07 UTC
2005-10-21,68098,63611.0,68874.0,85.25555766673,558.0,2026-07-29 06:43:07 UTC
2005-10-28,69427,64393.0,68440.0,124.38843587842847,1329.0,2026-07-29 06:43:07 UTC
2005-11-04,70353,64727.0,68824.0,137.3199902367586,926.0,2026-07-29 06:43:07 UTC
2005-11-11,67470,62043.0,68689.0,81.65814023472765,-2883.0,2026-07-29 06:43:07 UTC
2005-11-18,68529,61148.0,70637.0,77.784803456634,1059.0,2026-07-29 06:43:07 UTC
2005-11-25,70824,61178.0,70767.0,100.59443111899051,2295.0,2026-07-29 06:43:07 UTC
2005-12-02,71532,61099.0,71346.0,101.81516541426758,708.0,2026-07-29 06:43:07 UTC
2005-12-09,68512,58269.0,70754.0,82.04245094112935,-3020.0,2026-07-29 06:43:07 UTC
2005-12-16,64946,53715.0,69624.0,70.59526054434598,-3566.0,2026-07-29 06:43:07 UTC
2005-12-23,61363,48483.0,68797.0,63.40454858718125,-3583.0,2026-07-29 06:43:07 UTC
2005-12-30,57584,43412.0,67579.0,58.641949766210125,-3779.0,2026-07-29 06:43:07 UTC
2006-01-06,55963,39227.0,65426.0,63.88030077483874,-1621.0,2026-07-29 06:43:07 UTC
2006-01-13,52983,34095.0,61209.0,69.66142951980527,-2980.0,2026-07-29 06:43:07 UTC
2006-01-20,52321,31958.0,57893.0,78.51551956815115,-662.0,2026-07-29 06:43:07 UTC
2006-01-27,48288,29527.0,55717.0,71.63421153111875,-4033.0,2026-07-29 06:43:07 UTC
2006-02-03,47325,29218.0,53179.0,75.56863236091984,-963.0,2026-07-29 06:43:07 UTC
2006-02-10,43542,27635.0,49861.0,71.56933321335373,-3783.0,2026-07-29 06:43:07 UTC
2006-02-17,40446,25919.0,47558.0,67.13341651647488,-3096.0,2026-07-29 06:43:07 UTC
2006-02-24,37792,23002.0,45933.0,64.49784135013736,-2654.0,2026-07-29 06:43:07 UTC
2006-03-03,36271,20964.0,42646.0,70.59773083663869,-1521.0,2026-07-29 06:43:07 UTC
2006-03-10,32757,18860.0,40109.0,65.40072473998777,-3514.0,2026-07-29 06:43:07 UTC
2006-03-17,30903,18167.0,39793.0,58.89207435494313,-1854.0,2026-07-29 06:43:07 UTC
2006-03-24,29219,18967.0,39945.0,48.8702450185909,-1684.0,2026-07-29 06:43:07 UTC
2006-03-31,28964,19546.0,39261.0,47.77073294445853,-255.0,2026-07-29 06:43:07 UTC
2006-04-07,30853,21108.0,40234.0,50.95158423088989,1889.0,2026-07-29 06:43:07 UTC
2006-04-14,30473,21681.0,30140.0,103.93663553611539,-380.0,2026-07-29 06:43:07 UTC
2006-04-21,32880,22278.0,31534.0,114.5419187554019,2407.0,2026-07-29 06:43:07 UTC
2006-04-28,34439,21877.0,33185.0,111.08949416342413,1559.0,2026-07-29 06:43:07 UTC
2006-05-05,35639,23518.0,34652.0,108.86473863840489,1200.0,2026-07-29 06:43:07 UTC
2006-05-12,37444,26753.0,37772.0,97.02332335057628,1805.0,2026-07-29 06:43:07 UTC
2006-05-19,37659,28879.0,39892.0,79.72396258966675,215.0,2026-07-29 06:43:07 UTC
2006-05-26,39685,30362.0,42160.0,79.02186811323953,2026.0,2026-07-29 06:43:07 UTC
2006-06-02,41167,33220.0,43638.0,76.28143597619504,1482.0,2026-07-29 06:43:07 UTC
2006-06-09,42530,36093.0,46063.0,64.56369107321966,1363.0,2026-07-29 06:43:07 UTC
2006-06-16,44794,39743.0,47015.0,69.45819581958196,2264.0,2026-07-29 06:43:07 UTC
2006-06-23,46712,41190.0,49559.0,65.98159875731866,1918.0,2026-07-29 06:43:07 UTC
2006-06-30,48615,42265.0,53008.0,59.10825653914177,1903.0,2026-07-29 06:43:07 UTC
2006-07-07,51342,43628.0,55548.0,64.71476510067114,2727.0,2026-07-29 06:43:07 UTC
2006-07-14,53052,44465.0,57574.0,65.50461514989702,1710.0,2026-07-29 06:43:07 UTC
2006-07-21,55262,46227.0,59026.0,70.59145245722323,2210.0,2026-07-29 06:43:07 UTC
2006-07-28,58199,47974.0,62603.0,69.89541322031582,2937.0,2026-07-29 06:43:07 UTC
2006-08-04,59467,49144.0,63261.0,73.12460154423745,1268.0,2026-07-29 06:43:07 UTC
2006-08-11,61841,51465.0,65323.0,74.87371915139269,2374.0,2026-07-29 06:43:07 UTC
2006-08-18,62722,52969.0,65547.0,77.5401494673239,881.0,2026-07-29 06:43:07 UTC
2006-08-25,63331,54836.0,65401.0,80.4070042593469,609.0,2026-07-29 06:43:07 UTC
2006-09-01,63761,57453.0,64846.0,85.32395509265521,430.0,2026-07-29 06:43:07 UTC
2006-09-08,65684,59689.0,64241.0,131.70035149384887,1923.0,2026-07-29 06:43:07 UTC
2006-09-15,67310,61601.0,66193.0,124.32491289198606,1626.0,2026-07-29 06:43:07 UTC
2006-09-22,68950,63790.0,67389.0,143.3731592108919,1640.0,2026-07-29 06:43:07 UTC
2006-09-29,69993,65026.0,68592.0,139.2877173303421,1043.0,2026-07-29 06:43:07 UTC
2006-10-06,70807,64450.0,68345.0,163.20924261874197,814.0,2026-07-29 06:43:07 UTC
2006-10-13,72001,65837.0,69755.0,157.32516590096986,1194.0,2026-07-29 06:43:07 UTC
2006-10-20,71961,66344.0,68874.0,222.01581027667982,-40.0,2026-07-29 06:43:07 UTC
2006-10-27,72241,65442.0,69427.0,170.61480552070262,280.0,2026-07-29 06:43:07 UTC
2006-11-03,71464,64727.0,70353.0,119.74760042659082,-777.0,2026-07-29 06:43:07 UTC
2006-11-10,71357,62043.0,68689.0,140.14444778814322,-107.0,2026-07-29 06:43:07 UTC
2006-11-17,70896,61148.0,70637.0,102.72947623564126,-461.0,2026-07-29 06:43:07 UTC
2006-11-24,69698,61178.0,70824.0,88.32676757205058,-1198.0,2026-07-29 06:43:07 UTC
2006-12-01,68826,61099.0,71532.0,74.06306910763922,-872.0,2026-07-29 06:43:07 UTC
2006-12-08,66781,58269.0,70754.0,68.17781337605126,-2045.0,2026-07-29 06:43:07 UTC
2006-12-15,64024,55288.0,69624.0,60.9375,-2757.0,2026-07-29 06:43:07 UTC
2006-12-22,63513,52877.0,68797.0,66.80904522613065,-511.0,2026-07-29 06:43:07 UTC
2006-12-29,61885,52245.0,67579.0,62.86683187687492,-1628.0,2026-07-29 06:43:07 UTC
2007-01-05,59769,49970.0,65426.0,63.3993271221532,-2116.0,2026-07-29 06:43:07 UTC
2007-01-12,57528,46746.0,61209.0,74.5488487865588,-2241.0,2026-07-29 06:43:07 UTC
2007-01-19,53557,43001.0,57893.0,70.88369594413108,-3971.0,2026-07-29 06:43:07 UTC
2007-01-26,51477,36863.0,55717.0,77.5114034157208,-2080.0,2026-07-29 06:43:07 UTC
2007-02-02,45296,32333.0,53179.0,62.18459176820493,-6181.0,2026-07-29 06:43:07 UTC
2007-02-09,40483,29451.0,49861.0,54.05193532582068,-4813.0,2026-07-29 06:43:07 UTC
2007-02-16,34680,25919.0,47558.0,40.48708350663154,-5803.0,2026-07-29 06:43:07 UTC
2007-02-23,31894,23002.0,45933.0,38.777201168723565,-2786.0,2026-07-29 06:43:07 UTC
2007-03-02,28747,20964.0,42646.0,35.89613504289272,-3147.0,2026-07-29 06:43:07 UTC
2007-03-09,27690,18860.0,40109.0,41.55489670102123,-1057.0,2026-07-29 06:43:07 UTC
2007-03-16,25863,18167.0,39793.0,35.58679367428096,-1827.0,2026-07-29 06:43:07 UTC
2007-03-23,25225,18967.0,39945.0,29.831251787586993,-638.0,2026-07-29 06:43:07 UTC
2007-03-30,25115,19546.0,39261.0,28.247527263504946,-110.0,2026-07-29 06:43:07 UTC
2007-04-06,25767,21108.0,40234.0,24.359510613824114,652.0,2026-07-29 06:43:07 UTC
2007-04-13,25975,21681.0,30473.0,48.83985441310282,208.0,2026-07-29 06:43:07 UTC
2007-04-20,25877,22278.0,32880.0,33.94642520279192,-98.0,2026-07-29 06:43:07 UTC
2007-04-27,27921,21877.0,34439.0,48.113357745581915,2044.0,2026-07-29 06:43:07 UTC
2007-05-04,28697,23518.0,35639.0,42.72749773121029,776.0,2026-07-29 06:43:07 UTC
2007-05-11,31455,26753.0,37772.0,42.67174879753154,2758.0,2026-07-29 06:43:07 UTC
2007-05-18,32908,28879.0,39892.0,36.584037047126124,1453.0,2026-07-29 06:43:07 UTC
2007-05-25,35079,30362.0,42160.0,39.98135277165621,2171.0,2026-07-29 06:43:07 UTC
2007-06-01,36720,33220.0,43638.0,33.59569975043195,1641.0,2026-07-29 06:43:07 UTC
2007-06-08,36941,36093.0,46063.0,8.505516549648947,221.0,2026-07-29 06:43:07 UTC
2007-06-15,39692,39743.0,47015.0,-0.7013201320132013,2751.0,2026-07-29 06:43:07 UTC
2007-06-22,41954,41190.0,49559.0,9.128928187358106,2262.0,2026-07-29 06:43:07 UTC
2007-06-29,43911,42265.0,53008.0,15.32160476589407,1957.0,2026-07-29 06:43:07 UTC
2007-07-06,46280,43628.0,55548.0,22.248322147651006,2369.0,2026-07-29 06:43:07 UTC
2007-07-13,47824,44465.0,57574.0,25.623617362117628,1544.0,2026-07-29 06:43:07 UTC
2007-07-20,47940,46227.0,59026.0,13.383858113915151,116.0,2026-07-29 06:43:07 UTC
2007-07-27,49948,47974.0,62603.0,13.493745300430652,2008.0,2026-07-29 06:43:07 UTC
2007-08-03,50354,49144.0,63261.0,8.571226181199972,406.0,2026-07-29 06:43:07 UTC
2007-08-10,51719,51465.0,65323.0,1.8328763169288498,1365.0,2026-07-29 06:43:07 UTC
2007-08-17,53370,52969.0,65547.0,3.1881062172046426,1651.0,2026-07-29 06:43:07 UTC
2007-08-24,54300,54836.0,65401.0,-5.073355418835779,930.0,2026-07-29 06:43:07 UTC
2007-08-31,55162,57453.0,64846.0,-30.988773163803597,862.0,2026-07-29 06:43:07 UTC
2007-09-07,57440,59689.0,65684.0,-37.51459549624687,2278.0,2026-07-29 06:43:07 UTC
2007-09-14,58066,61601.0,67310.0,-61.919775792608164,626.0,2026-07-29 06:43:07 UTC
2007-09-21,58912,63790.0,68950.0,-94.53488372093022,846.0,2026-07-29 06:43:07 UTC
2007-09-28,59105,65026.0,69993.0,-119.20676464666802,193.0,2026-07-29 06:43:07 UTC
2007-10-05,60516,64450.0,70807.0,-61.8845367311625,1411.0,2026-07-29 06:43:07 UTC
2007-10-12,60374,65837.0,72001.0,-88.6275146009085,-142.0,2026-07-29 06:43:07 UTC
2007-10-19,60991,66344.0,71961.0,-95.29998219690226,617.0,2026-07-29 06:43:07 UTC
2007-10-26,61931,65442.0,72241.0,-51.63994705103691,940.0,2026-07-29 06:43:07 UTC
2007-11-02,61489,64727.0,71464.0,-48.06293602493692,-442.0,2026-07-29 06:43:07 UTC
2007-11-09,61609,62043.0,71357.0,-4.6596521365686066,120.0,2026-07-29 06:43:07 UTC
2007-11-16,61213,61148.0,70896.0,0.6668034468608945,-396.0,2026-07-29 06:43:07 UTC
2007-11-23,61513,61178.0,70824.0,3.4729421521874353,300.0,2026-07-29 06:43:07 UTC
2007-11-30,60968,61099.0,71532.0,-1.2556311703249305,-545.0,2026-07-29 06:43:07 UTC
2007-12-07,59578,58269.0,68512.0,12.77945914282925,-1390.0,2026-07-29 06:43:07 UTC
2007-12-14,57942,55288.0,64946.0,27.47980948436529,-1636.0,2026-07-29 06:43:07 UTC
2007-12-21,56061,52877.0,63513.0,29.936066190297105,-1881.0,2026-07-29 06:43:07 UTC
2007-12-28,54367,52245.0,61885.0,22.012448132780083,-1694.0,2026-07-29 06:43:07 UTC
2008-01-04,51223,49970.0,59769.0,12.787019083579956,-3144.0,2026-07-29 06:43:07 UTC
2008-01-11,48668,46746.0,57528.0,17.826006306807642,-2555.0,2026-07-29 06:43:07 UTC
2008-01-18,45425,43001.0,53557.0,22.963243652898825,-3243.0,2026-07-29 06:43:07 UTC
2008-01-25,42374,36863.0,51477.0,37.71041467086356,-3051.0,2026-07-29 06:43:07 UTC
2008-02-01,38493,32333.0,47325.0,41.088580576307365,-3881.0,2026-07-29 06:43:07 UTC
2008-02-08,36813,29451.0,43542.0,52.24611454119651,-1680.0,2026-07-29 06:43:07 UTC
2008-02-15,33987,25919.0,40446.0,55.53796379156054,-2826.0,2026-07-29 06:43:07 UTC
2008-02-22,31583,23002.0,37792.0,58.018931710615284,-2404.0,2026-07-29 06:43:07 UTC
2008-02-29,28873,20964.0,36271.0,51.669170967531194,-2710.0,2026-07-29 06:43:07 UTC
2008-03-07,27609,18860.0,32757.0,62.95603367633302,-1264.0,2026-07-29 06:43:07 UTC
2008-03-14,27314,18167.0,30903.0,71.82003768844221,-295.0,2026-07-29 06:43:07 UTC
2008-03-21,25412,18967.0,29219.0,62.865782286383144,-1902.0,2026-07-29 06:43:07 UTC
2008-03-28,24897,19546.0,28964.0,56.81673391378212,-515.0,2026-07-29 06:43:07 UTC
2008-04-04,25250,21108.0,30853.0,42.503848127244744,353.0,2026-07-29 06:43:07 UTC
2008-04-11,25416,21681.0,30473.0,42.4818016378526,166.0,2026-07-29 06:43:07 UTC
2008-04-18,27562,22278.0,32880.0,49.83965289568006,2146.0,2026-07-29 06:43:07 UTC
2008-04-25,28540,21877.0,34439.0,53.04091705142493,978.0,2026-07-29 06:43:07 UTC
2008-05-02,29848,23518.0,35639.0,52.22341390974342,1308.0,2026-07-29 06:43:07 UTC
2008-05-09,31303,26753.0,37772.0,41.29231327706688,1455.0,2026-07-29 06:43:07 UTC
2008-05-16,34028,28879.0,39892.0,46.753836375192954,2725.0,2026-07-29 06:43:07 UTC
2008-05-23,35655,30362.0,42160.0,44.86353619257501,1627.0,2026-07-29 06:43:07 UTC
2008-05-30,38002,33220.0,43638.0,45.901324630447306,2347.0,2026-07-29 06:43:07 UTC
2008-06-06,38462,36093.0,46063.0,23.761283851554662,460.0,2026-07-29 06:43:07 UTC
2008-06-13,38528,39692.0,47015.0,-15.895124948791478,66.0,2026-07-29 06:43:07 UTC
2008-06-20,39694,41190.0,49559.0,-17.875492890428966,1166.0,2026-07-29 06:43:07 UTC
2008-06-27,41358,42265.0,53008.0,-8.442706878897887,1664.0,2026-07-29 06:43:07 UTC
2008-07-04,44001,43628.0,55548.0,3.129194630872483,2643.0,2026-07-29 06:43:07 UTC
2008-07-11,44997,44465.0,57574.0,4.058280570600351,996.0,2026-07-29 06:43:07 UTC
2008-07-18,45311,46227.0,59026.0,-7.156809125712946,314.0,2026-07-29 06:43:07 UTC
2008-07-25,45769,47974.0,62603.0,-15.072800601544877,458.0,2026-07-29 06:43:07 UTC
2008-08-01,47196,49144.0,63261.0,-13.798965785931856,1427.0,2026-07-29 06:43:07 UTC
2008-08-08,49186,51465.0,65323.0,-16.44537451291673,1990.0,2026-07-29 06:43:07 UTC
2008-08-15,50763,52969.0,65547.0,-17.53855938941008,1577.0,2026-07-29 06:43:07 UTC
2008-08-22,52041,54300.0,65401.0,-20.349518061435905,1278.0,2026-07-29 06:43:07 UTC
2008-08-29,52908,55162.0,64846.0,-23.275505989260637,867.0,2026-07-29 06:43:07 UTC
2008-09-05,54451,57440.0,65684.0,-36.25667151868025,1543.0,2026-07-29 06:43:07 UTC
2008-09-12,55526,58066.0,67310.0,-27.47728256166162,1075.0,2026-07-29 06:43:07 UTC
2008-09-19,55636,58912.0,68950.0,-32.63598326359833,110.0,2026-07-29 06:43:07 UTC
2008-09-26,58083,59105.0,69993.0,-9.386480529022776,2447.0,2026-07-29 06:43:07 UTC
2008-10-03,60876,60516.0,70807.0,3.498202312700418,2793.0,2026-07-29 06:43:07 UTC
2008-10-10,61153,60374.0,72001.0,6.699922593962329,277.0,2026-07-29 06:43:07 UTC
2008-10-17,61111,60991.0,71961.0,1.0938924339106655,-42.0,2026-07-29 06:43:07 UTC
2008-10-24,60404,61931.0,72241.0,-14.81086323957323,-707.0,2026-07-29 06:43:07 UTC
2008-10-31,60410,61489.0,71464.0,-10.81704260651629,6.0,2026-07-29 06:43:07 UTC
2008-11-07,60276,61609.0,71357.0,-13.674599917931884,-134.0,2026-07-29 06:43:07 UTC
2008-11-14,60415,61213.0,70896.0,-8.241247547247754,139.0,2026-07-29 06:43:07 UTC
2008-11-21,60292,61513.0,70824.0,-13.113521641069703,-123.0,2026-07-29 06:43:07 UTC
2008-11-28,60329,60968.0,71532.0,-6.048845134418781,37.0,2026-07-29 06:43:07 UTC
2008-12-05,61144,59578.0,68512.0,17.528542646071188,815.0,2026-07-29 06:43:07 UTC
2008-12-12,58787,57942.0,64946.0,12.064534551684751,-2357.0,2026-07-29 06:43:07 UTC
2008-12-19,58199,55007.0,63513.0,37.52645191629438,-588.0,2026-07-29 06:43:07 UTC
2008-12-26,55784,52387.0,61885.0,35.7654242998526,-2415.0,2026-07-29 06:43:07 UTC
2009-01-02,56333,49970.0,59769.0,64.9351974691295,549.0,2026-07-29 06:43:07 UTC
2009-01-09,53742,46746.0,57528.0,64.88592097941013,-2591.0,2026-07-29 06:43:07 UTC
2009-01-16,50595,43001.0,53557.0,71.94012883668056,-3147.0,2026-07-29 06:43:07 UTC
2009-01-23,47487,36863.0,51477.0,72.69741343916792,-3108.0,2026-07-29 06:43:07 UTC
2009-01-30,44574,33955.0,47325.0,79.42408376963351,-2913.0,2026-07-29 06:43:07 UTC
2009-02-06,43209,30619.0,43542.0,97.42319894761279,-1365.0,2026-07-29 06:43:07 UTC
2009-02-13,40012,27935.0,40446.0,96.5310526736472,-3197.0,2026-07-29 06:43:07 UTC
2009-02-20,39395,26179.0,37792.0,113.80349608197709,-617.0,2026-07-29 06:43:07 UTC
2009-02-27,38287,25925.0,36271.0,119.48579161028417,-1108.0,2026-07-29 06:43:07 UTC
2009-03-06,37745,26709.0,32757.0,182.473544973545,-542.0,2026-07-29 06:43:07 UTC
2009-03-13,37104,25863.0,30903.0,223.03571428571428,-641.0,2026-07-29 06:43:07 UTC
2009-03-20,37738,25225.0,29219.0,313.29494241362045,634.0,2026-07-29 06:43:07 UTC
2009-03-27,38416,24897.0,28964.0,332.40717973936563,678.0,2026-07-29 06:43:07 UTC
2009-04-03,39736,25250.0,30853.0,258.5400678208103,1320.0,2026-07-29 06:43:07 UTC
2009-04-10,40826,25416.0,30473.0,304.726122206842,1090.0,2026-07-29 06:43:07 UTC
2009-04-17,41414,25877.0,32880.0,221.86205911752106,588.0,2026-07-29 06:43:07 UTC
2009-04-24,43119,27921.0,34439.0,233.16968395213257,1705.0,2026-07-29 06:43:07 UTC
2009-05-01,45497,28697.0,35639.0,242.00518582541056,2378.0,2026-07-29 06:43:07 UTC
2009-05-08,46193,31303.0,37772.0,230.1746792394497,696.0,2026-07-29 06:43:07 UTC
2009-05-15,48002,32082.0,39892.0,203.8412291933419,1809.0,2026-07-29 06:43:07 UTC
2009-05-22,49352,34289.0,42160.0,191.37339601067208,1350.0,2026-07-29 06:43:07 UTC
2009-05-29,51346,35439.0,43638.0,194.01146481278204,1994.0,2026-07-29 06:43:07 UTC
2009-06-05,52719,36941.0,46063.0,172.96645472484104,1373.0,2026-07-29 06:43:07 UTC
2009-06-12,53529,38528.0,47015.0,176.75268057028399,810.0,2026-07-29 06:43:07 UTC
2009-06-19,57139,39694.0,49559.0,176.83730359858083,3610.0,2026-07-29 06:43:07 UTC
2009-06-26,60752,41358.0,53008.0,166.47210300429185,3613.0,2026-07-29 06:43:07 UTC
2009-07-03,62096,43628.0,55548.0,154.93288590604027,1344.0,2026-07-29 06:43:07 UTC
2009-07-10,64404,44465.0,57574.0,152.10160958120375,2308.0,2026-07-29 06:43:07 UTC
2009-07-17,66429,45311.0,59026.0,153.97739701057236,2025.0,2026-07-29 06:43:07 UTC
2009-07-24,68368,45769.0,62603.0,134.24616846857552,1939.0,2026-07-29 06:43:07 UTC
2009-07-31,68955,47196.0,63261.0,135.4435107376284,587.0,2026-07-29 06:43:07 UTC
2009-08-07,69485,49186.0,65323.0,125.79165892049326,530.0,2026-07-29 06:43:07 UTC
2009-08-14,69802,50763.0,65547.0,128.7811147186147,317.0,2026-07-29 06:43:07 UTC
2009-08-21,70658,52041.0,65401.0,139.34880239520956,856.0,2026-07-29 06:43:07 UTC
2009-08-28,69131,52908.0,64846.0,135.89378455352656,-1527.0,2026-07-29 06:43:07 UTC
2009-09-04,70718,54451.0,65684.0,144.81438618356628,1587.0,2026-07-29 06:43:07 UTC
2009-09-11,70671,55526.0,67310.0,128.52172437202987,-47.0,2026-07-29 06:43:07 UTC
2009-09-18,72026,55636.0,68950.0,123.10350007510891,1355.0,2026-07-29 06:43:07 UTC
2009-09-25,72816,58083.0,69993.0,123.70277078085643,790.0,2026-07-29 06:43:07 UTC
2009-10-02,72859,60516.0,70807.0,119.93975318239238,43.0,2026-07-29 06:43:07 UTC
2009-10-09,72969,60374.0,72001.0,108.32544938505204,110.0,2026-07-29 06:43:07 UTC
2009-10-16,71634,60991.0,71961.0,97.01914311759343,-1335.0,2026-07-29 06:43:07 UTC
2009-10-23,71047,60404.0,72241.0,89.91298470896342,-587.0,2026-07-29 06:43:07 UTC
2009-10-30,69632,60410.0,71464.0,83.42681382305048,-1415.0,2026-07-29 06:43:07 UTC
2009-11-06,68424,60276.0,71357.0,73.53126974099811,-1208.0,2026-07-29 06:43:07 UTC
2009-11-13,65484,60415.0,70896.0,48.363705753267816,-2940.0,2026-07-29 06:43:07 UTC
2009-11-20,63647,60292.0,70824.0,31.85529813900494,-1837.0,2026-07-29 06:43:07 UTC
2009-11-27,62711,60329.0,71532.0,21.262161920914043,-936.0,2026-07-29 06:43:07 UTC
2009-12-04,61422,59578.0,68512.0,20.640250727557646,-1289.0,2026-07-29 06:43:07 UTC
2009-12-11,57441,57942.0,64946.0,-7.153055396916049,-3981.0,2026-07-29 06:43:07 UTC
2009-12-18,53996,56061.0,63513.0,-27.710681696188942,-3445.0,2026-07-29 06:43:07 UTC
2009-12-25,52469,54367.0,61885.0,-25.24607608406491,-1527.0,2026-07-29 06:43:07 UTC
2010-01-01,49441,,,,-3028.0,2026-07-29 06:43:07 UTC
2010-01-08,45947,51223.0,59769.0,-61.736484905218816,-3494.0,2026-07-29 06:43:07 UTC
2010-01-15,41138,48668.0,57528.0,-84.98871331828443,-4809.0,2026-07-29 06:43:07 UTC
2010-01-22,36813,45021.0,53557.0,-96.15745079662605,-4325.0,2026-07-29 06:43:07 UTC
2010-01-29,33855,41808.0,51477.0,-82.25255972696246,-2958.0,2026-07-29 06:43:07 UTC
2010-02-05,32588,38493.0,47325.0,-66.85914855072464,-1267.0,2026-07-29 06:43:07 UTC
2010-02-12,29642,36365.0,43542.0,-93.67423714644002,-2946.0,2026-07-29 06:43:07 UTC
2010-02-19,27364,33865.0,40446.0,-98.78437927366662,-2278.0,2026-07-29 06:43:07 UTC
2010-02-26,26831,31559.0,39395.0,-60.33690658499234,-533.0,2026-07-29 06:43:07 UTC
2010-03-05,25308,28747.0,38287.0,-36.0482180293501,-1523.0,2026-07-29 06:43:07 UTC
2010-03-12,25100,27609.0,37745.0,-24.753354380426202,-208.0,2026-07-29 06:43:07 UTC
2010-03-19,25143,25863.0,37104.0,-6.405124099279423,43.0,2026-07-29 06:43:07 UTC
2010-03-26,25617,25225.0,37738.0,3.1327419483736914,474.0,2026-07-29 06:43:07 UTC
2010-04-02,28039,24897.0,38416.0,23.241364006213477,2422.0,2026-07-29 06:43:07 UTC
2010-04-09,29110,25250.0,39736.0,26.646417230429382,1071.0,2026-07-29 06:43:07 UTC
2010-04-16,30798,25416.0,40826.0,34.92537313432836,1688.0,2026-07-29 06:43:07 UTC
2010-04-23,34413,25877.0,41414.0,54.939821072279074,3615.0,2026-07-29 06:43:07 UTC
2010-04-30,36178,27921.0,43119.0,54.32951704171602,1765.0,2026-07-29 06:43:07 UTC
2010-05-07,38942,28697.0,45497.0,60.98214285714286,2764.0,2026-07-29 06:43:07 UTC
2010-05-14,39521,31303.0,46193.0,55.191403626595026,579.0,2026-07-29 06:43:07 UTC
2010-05-21,39709,32908.0,48002.0,45.05763879687293,188.0,2026-07-29 06:43:07 UTC
2010-05-28,41690,35079.0,49352.0,46.31822321866461,1981.0,2026-07-29 06:43:07 UTC
2010-06-04,42894,36720.0,51346.0,42.21249829071517,1204.0,2026-07-29 06:43:07 UTC
2010-06-11,45130,36941.0,52719.0,51.90138167068069,2236.0,2026-07-29 06:43:07 UTC
2010-06-18,46224,38528.0,53529.0,51.30324645023665,1094.0,2026-07-29 06:43:07 UTC
2010-06-25,47847,39694.0,57139.0,46.73545428489538,1623.0,2026-07-29 06:43:07 UTC
2010-07-02,49724,41358.0,60752.0,43.13705269671032,1877.0,2026-07-29 06:43:07 UTC
2010-07-09,51618,44001.0,62096.0,42.09450124343741,1894.0,2026-07-29 06:43:07 UTC
2010-07-16,52478,44997.0,64404.0,38.54794661719998,860.0,2026-07-29 06:43:07 UTC
2010-07-23,53010,45311.0,66429.0,36.45705085708874,532.0,2026-07-29 06:43:07 UTC
2010-07-30,55155,45769.0,68368.0,41.53281118633568,2145.0,2026-07-29 06:43:07 UTC
2010-08-06,57445,47196.0,68955.0,47.102348453513486,2290.0,2026-07-29 06:43:07 UTC
2010-08-13,59821,49186.0,69485.0,52.39174343563723,2376.0,2026-07-29 06:43:07 UTC
2010-08-20,60949,50763.0,69802.0,53.500709070854555,1128.0,2026-07-29 06:43:07 UTC
2010-08-27,62464,52041.0,70658.0,55.98646398453027,1515.0,2026-07-29 06:43:07 UTC
2010-09-03,63970,52908.0,69131.0,68.18714171238365,1506.0,2026-07-29 06:43:07 UTC
2010-09-10,63736,54451.0,70718.0,57.07874838630356,-234.0,2026-07-29 06:43:07 UTC
2010-09-17,63720,55526.0,70671.0,54.10366457576758,-16.0,2026-07-29 06:43:07 UTC
2010-09-24,63400,55636.0,72026.0,47.370347773032336,-320.0,2026-07-29 06:43:07 UTC
2010-10-01,63988,58083.0,72816.0,40.08009230978076,588.0,2026-07-29 06:43:07 UTC
2010-10-08,64250,60516.0,72859.0,30.251964676334765,262.0,2026-07-29 06:43:07 UTC
2010-10-15,63549,60374.0,72969.0,25.20841603811036,-701.0,2026-07-29 06:43:07 UTC
2010-10-22,64284,60991.0,71961.0,30.018231540565175,735.0,2026-07-29 06:43:07 UTC
2010-10-29,64469,60404.0,72241.0,34.34147165666977,185.0,2026-07-29 06:43:07 UTC
2010-11-05,63833,60410.0,71464.0,30.966166093721732,-636.0,2026-07-29 06:43:07 UTC
2010-11-12,64776,60276.0,71357.0,40.61005324429203,943.0,2026-07-29 06:43:07 UTC
2010-11-19,64234,60415.0,70896.0,36.437362847056576,-542.0,2026-07-29 06:43:07 UTC
2010-11-26,65375,60292.0,70824.0,48.262438283327,1141.0,2026-07-29 06:43:07 UTC
2010-12-03,63062,60329.0,71532.0,24.39525127198072,-2313.0,2026-07-29 06:43:07 UTC
2010-12-10,61166,59578.0,68512.0,17.774792925901053,-1896.0,2026-07-29 06:43:07 UTC
2010-12-17,57670,57441.0,64946.0,3.0512991339107263,-3496.0,2026-07-29 06:43:07 UTC
2010-12-24,55235,53996.0,63513.0,13.018808448040348,-2435.0,2026-07-29 06:43:07 UTC
2010-12-31,52558,52469.0,61885.0,0.9451996601529311,-2677.0,2026-07-29 06:43:07 UTC
2011-01-07,50550,45947.0,59769.0,33.301982346983074,-2008.0,2026-07-29 06:43:07 UTC
2011-01-14,45141,41138.0,57528.0,24.423428920073214,-5409.0,2026-07-29 06:43:07 UTC
2011-01-21,41794,36813.0,53557.0,29.747969421882463,-3347.0,2026-07-29 06:43:07 UTC
2011-01-28,37929,33855.0,51477.0,23.118828736806265,-3865.0,2026-07-29 06:43:07 UTC
2011-02-04,34805,32588.0,47325.0,15.043767388206556,-3124.0,2026-07-29 06:43:07 UTC
2011-02-11,30973,29642.0,43542.0,9.575539568345324,-3832.0,2026-07-29 06:43:07 UTC
2011-02-18,29481,27364.0,40446.0,16.182540895887477,-1492.0,2026-07-29 06:43:07 UTC
2011-02-25,28469,26831.0,39395.0,13.03724928366762,-1012.0,2026-07-29 06:43:07 UTC
2011-03-04,27086,25308.0,38287.0,13.699052315278525,-1383.0,2026-07-29 06:43:07 UTC
2011-03-11,27362,25100.0,37745.0,17.88849347568209,276.0,2026-07-29 06:43:07 UTC
2011-03-18,27001,25143.0,37104.0,15.533818242621855,-361.0,2026-07-29 06:43:07 UTC
2011-03-25,26895,25225.0,37738.0,13.34612003516343,-106.0,2026-07-29 06:43:07 UTC
2011-04-01,25763,24897.0,38416.0,6.405799245506325,-1132.0,2026-07-29 06:43:07 UTC
2011-04-08,26746,25250.0,39736.0,10.327212481016154,983.0,2026-07-29 06:43:07 UTC
2011-04-15,26386,25416.0,40826.0,6.2946138870863075,-360.0,2026-07-29 06:43:07 UTC
2011-04-22,26465,25877.0,41414.0,3.7845143850164122,79.0,2026-07-29 06:43:07 UTC
2011-04-29,27751,27921.0,43119.0,-1.1185682326621924,1286.0,2026-07-29 06:43:07 UTC
2011-05-06,28761,28697.0,45497.0,0.38095238095238093,1010.0,2026-07-29 06:43:07 UTC
2011-05-13,30478,31303.0,46193.0,-5.540631296171927,1717.0,2026-07-29 06:43:07 UTC
2011-05-20,31605,32908.0,48002.0,-8.632569232807738,1127.0,2026-07-29 06:43:07 UTC
2011-05-27,32809,35079.0,49352.0,-15.904154697680935,1204.0,2026-07-29 06:43:07 UTC
2011-06-03,34587,36720.0,51346.0,-14.583618214139204,1778.0,2026-07-29 06:43:07 UTC
2011-06-10,35699,36941.0,52719.0,-7.871720116618077,1112.0,2026-07-29 06:43:07 UTC
2011-06-17,37465,38528.0,53529.0,-7.086194253716418,1766.0,2026-07-29 06:43:07 UTC
2011-06-24,39187,39694.0,57139.0,-2.9062768701633703,1722.0,2026-07-29 06:43:07 UTC
2011-07-01,41508,41358.0,60752.0,0.7734350830153656,2321.0,2026-07-29 06:43:07 UTC
2011-07-08,44561,44001.0,62096.0,3.0947775628626695,3053.0,2026-07-29 06:43:07 UTC
2011-07-15,46601,44997.0,64404.0,8.265058999330138,2040.0,2026-07-29 06:43:07 UTC
2011-07-22,48247,45311.0,66429.0,13.902831707548064,1646.0,2026-07-29 06:43:07 UTC
2011-07-29,49354,45769.0,68368.0,15.863533784680738,1107.0,2026-07-29 06:43:07 UTC
2011-08-05,49595,47196.0,68955.0,11.02532285491061,241.0,2026-07-29 06:43:07 UTC
2011-08-12,50382,49186.0,69485.0,5.891915857924036,787.0,2026-07-29 06:43:07 UTC
2011-08-19,52045,50763.0,69802.0,6.733546929985819,1663.0,2026-07-29 06:43:07 UTC
2011-08-26,53590,52041.0,70658.0,8.320352366116989,1545.0,2026-07-29 06:43:07 UTC
2011-09-02,53561,52908.0,69131.0,4.025149479134562,-29.0,2026-07-29 06:43:07 UTC
2011-09-09,54745,54451.0,70718.0,1.807340013524313,1184.0,2026-07-29 06:43:07 UTC
2011-09-16,55359,55526.0,70671.0,-1.1026741498844503,614.0,2026-07-29 06:43:07 UTC
2011-09-23,56226,55636.0,72026.0,3.599755948749237,867.0,2026-07-29 06:43:07 UTC
2011-09-30,57473,58083.0,72816.0,-4.140365166632729,1247.0,2026-07-29 06:43:07 UTC
2011-10-07,57893,60516.0,72859.0,-21.25091144778417,420.0,2026-07-29 06:43:07 UTC
2011-10-14,58929,60374.0,72969.0,-11.47280666931322,1036.0,2026-07-29 06:43:07 UTC
2011-10-21,59111,60991.0,71961.0,-17.137648131267092,182.0,2026-07-29 06:43:07 UTC
2011-10-28,60263,60404.0,72241.0,-1.1911801976852243,1152.0,2026-07-29 06:43:07 UTC
2011-11-04,60192,60410.0,71464.0,-1.9721367830649539,-71.0,2026-07-29 06:43:07 UTC
2011-11-11,59620,60276.0,71357.0,-5.920043317390127,-572.0,2026-07-29 06:43:07 UTC
2011-11-18,59385,60415.0,70896.0,-9.827306554718062,-235.0,2026-07-29 06:43:07 UTC
2011-11-25,59771,60292.0,69698.0,-5.539017648309589,386.0,2026-07-29 06:43:07 UTC
2011-12-02,59678,60329.0,68826.0,-7.661527597975756,-93.0,2026-07-29 06:43:07 UTC
2011-12-09,59183,59578.0,66781.0,-5.483826183534638,-495.0,2026-07-29 06:43:07 UTC
2011-12-16,56887,57441.0,64024.0,-8.415615980555978,-2296.0,2026-07-29 06:43:07 UTC
2011-12-23,56178,53996.0,63513.0,22.92739308605653,-709.0,2026-07-29 06:43:07 UTC
2011-12-30,55176,52469.0,61885.0,28.74893797790994,-1002.0,2026-07-29 06:43:07 UTC
2012-01-06,54285,45947.0,59769.0,60.32412096657502,-891.0,2026-07-29 06:43:07 UTC
2012-01-13,53224,41138.0,57528.0,73.74008541793776,-1061.0,2026-07-29 06:43:07 UTC
2012-01-20,50752,36813.0,53557.0,83.24773053033923,-2472.0,2026-07-29 06:43:07 UTC
2012-01-27,48989,33855.0,51477.0,85.88128475768924,-1763.0,2026-07-29 06:43:07 UTC
2012-02-03,46677,32588.0,45296.0,110.86717028643373,-2312.0,2026-07-29 06:43:07 UTC
2012-02-10,46439,29642.0,43209.0,123.80776885088818,-238.0,2026-07-29 06:43:07 UTC
2012-02-17,44884,27364.0,40012.0,138.51992409867174,-1555.0,2026-07-29 06:43:07 UTC
2012-02-24,43900,26831.0,39395.0,135.85641515440943,-984.0,2026-07-29 06:43:07 UTC
2012-03-02,43498,25308.0,38287.0,140.14947222436243,-402.0,2026-07-29 06:43:07 UTC
2012-03-09,42187,25100.0,37745.0,135.12850929221037,-1311.0,2026-07-29 06:43:07 UTC
2012-03-16,42730,25143.0,37104.0,147.03620098653957,543.0,2026-07-29 06:43:07 UTC
2012-03-23,43709,25225.0,37738.0,147.71837289219212,979.0,2026-07-29 06:43:07 UTC
2012-03-30,44783,24897.0,38416.0,147.09667874842813,1074.0,2026-07-29 06:43:07 UTC
2012-04-06,45442,25250.0,39736.0,139.38975562612177,659.0,2026-07-29 06:43:07 UTC
2012-04-13,46332,25416.0,40826.0,135.73004542504867,890.0,2026-07-29 06:43:07 UTC
2012-04-20,47440,25877.0,41414.0,138.7848361974641,1108.0,2026-07-29 06:43:07 UTC
2012-04-27,48507,27751.0,43119.0,135.05986465382614,1067.0,2026-07-29 06:43:07 UTC
2012-05-04,51023,28697.0,45497.0,132.89285714285714,2516.0,2026-07-29 06:43:07 UTC
2012-05-11,52725,30478.0,46193.0,141.56538339166403,1702.0,2026-07-29 06:43:07 UTC
2012-05-18,53998,31605.0,48002.0,136.56766481673478,1273.0,2026-07-29 06:43:07 UTC
2012-05-25,55647,32809.0,49352.0,138.05234842531584,1649.0,2026-07-29 06:43:07 UTC
2012-06-01,57915,34587.0,51346.0,139.19684945402471,2268.0,2026-07-29 06:43:07 UTC
2012-06-08,58241,35699.0,52719.0,132.4441833137485,326.0,2026-07-29 06:43:07 UTC
2012-06-15,59556,37465.0,53529.0,137.51867529880477,1315.0,2026-07-29 06:43:07 UTC
2012-06-22,61376,39187.0,57139.0,123.60182709447416,1820.0,2026-07-29 06:43:07 UTC
2012-06-29,62233,41358.0,60752.0,107.63638238630504,857.0,2026-07-29 06:43:07 UTC
2012-07-06,63183,44001.0,62096.0,106.00718430505664,950.0,2026-07-29 06:43:07 UTC
2012-07-13,64745,44997.0,64404.0,101.75709795434638,1562.0,2026-07-29 06:43:07 UTC
2012-07-20,66018,45311.0,66429.0,98.0537929728194,1273.0,2026-07-29 06:43:07 UTC
2012-07-27,67463,45769.0,68368.0,95.99539802646134,1445.0,2026-07-29 06:43:07 UTC
2012-08-03,68056,47196.0,68955.0,95.86837630405809,593.0,2026-07-29 06:43:07 UTC
2012-08-10,69027,49186.0,69485.0,97.74373121828661,971.0,2026-07-29 06:43:07 UTC
2012-08-17,70942,50763.0,69802.0,105.98770943852094,1915.0,2026-07-29 06:43:07 UTC
2012-08-24,71658,52041.0,70658.0,105.37143471021109,716.0,2026-07-29 06:43:07 UTC
2012-08-31,72496,52908.0,69131.0,120.74215619799051,838.0,2026-07-29 06:43:07 UTC
2012-09-07,72695,54451.0,70718.0,112.1534394786992,199.0,2026-07-29 06:43:07 UTC
2012-09-14,74017,55359.0,70671.0,121.85214211076281,1322.0,2026-07-29 06:43:07 UTC
2012-09-21,74290,55636.0,72026.0,113.81330079316656,273.0,2026-07-29 06:43:07 UTC
2012-09-28,75584,57473.0,72816.0,118.04080036498729,1294.0,2026-07-29 06:43:07 UTC
2012-10-05,75896,57893.0,72859.0,120.29266337030602,312.0,2026-07-29 06:43:07 UTC
2012-10-12,74628,58929.0,72969.0,111.81623931623932,-1268.0,2026-07-29 06:43:07 UTC
2012-10-19,74475,59111.0,71634.0,122.68625728659266,-153.0,2026-07-29 06:43:07 UTC
2012-10-26,73947,60263.0,71047.0,126.89169139465875,-528.0,2026-07-29 06:43:07 UTC
2012-11-02,73620,60192.0,69632.0,142.2457627118644,-327.0,2026-07-29 06:43:07 UTC
2012-11-09,73183,59620.0,68424.0,154.05497501135847,-437.0,2026-07-29 06:43:07 UTC
2012-11-16,72666,59385.0,65484.0,217.7570093457944,-517.0,2026-07-29 06:43:07 UTC
2012-11-23,72847,59771.0,65375.0,233.33333333333334,181.0,2026-07-29 06:43:07 UTC
2012-11-30,72510,59678.0,63062.0,379.19621749408986,-337.0,2026-07-29 06:43:07 UTC
2012-12-07,71183,59183.0,61422.0,535.9535506922733,-1327.0,2026-07-29 06:43:07 UTC
2012-12-14,69223,56887.0,58787.0,649.2631578947369,-1960.0,2026-07-29 06:43:07 UTC
2012-12-21,68850,53996.0,58199.0,353.41422793242924,-373.0,2026-07-29 06:43:07 UTC
2012-12-28,66670,52469.0,55784.0,428.3861236802413,-2180.0,2026-07-29 06:43:07 UTC
2013-01-04,65572,45947.0,56333.0,188.95628730984018,-1098.0,2026-07-29 06:43:07 UTC
2013-01-11,63956,41138.0,53742.0,181.03776578863852,-1616.0,2026-07-29 06:43:07 UTC
2013-01-18,60883,36813.0,50752.0,172.68096707080852,-3073.0,2026-07-29 06:43:07 UTC
2013-01-25,57433,33855.0,48989.0,155.79489890313204,-3450.0,2026-07-29 06:43:07 UTC
2013-02-01,54869,32588.0,46677.0,158.14465185605792,-2564.0,2026-07-29 06:43:07 UTC
2013-02-08,52411,29642.0,46439.0,135.55396797047092,-2458.0,2026-07-29 06:43:07 UTC
2013-02-15,51076,27364.0,44884.0,135.34246575342465,-1335.0,2026-07-29 06:43:07 UTC
2013-02-22,47854,26831.0,43900.0,123.1648016872693,-3222.0,2026-07-29 06:43:07 UTC
2013-03-01,45672,25308.0,43498.0,111.95162177020342,-2182.0,2026-07-29 06:43:07 UTC
2013-03-08,43000,25100.0,42187.0,104.7580031602973,-2672.0,2026-07-29 06:43:07 UTC
2013-03-15,41759,25143.0,42730.0,94.47887644282709,-1241.0,2026-07-29 06:43:07 UTC
2013-03-22,40847,25412.0,43709.0,84.35809149040826,-912.0,2026-07-29 06:43:07 UTC
2013-03-29,39737,24897.0,44783.0,74.62536457809514,-1110.0,2026-07-29 06:43:07 UTC
2013-04-05,40025,25250.0,45442.0,73.17254358161648,288.0,2026-07-29 06:43:07 UTC
2013-04-12,39026,25416.0,46332.0,65.06980302161026,-999.0,2026-07-29 06:43:07 UTC
2013-04-19,38964,26465.0,47440.0,59.58998808104887,-62.0,2026-07-29 06:43:07 UTC
2013-04-26,40476,27751.0,48507.0,61.307573713624976,1512.0,2026-07-29 06:43:07 UTC
2013-05-03,40997,28761.0,51023.0,54.96361512891923,521.0,2026-07-29 06:43:07 UTC
2013-05-10,41797,30478.0,52725.0,50.87877017125905,800.0,2026-07-29 06:43:07 UTC
2013-05-17,43974,31605.0,53998.0,55.23601125351673,2177.0,2026-07-29 06:43:07 UTC
2013-05-24,45137,32809.0,55647.0,53.98020842455556,1163.0,2026-07-29 06:43:07 UTC
2013-05-31,47036,34587.0,57915.0,53.3650548696845,1899.0,2026-07-29 06:43:07 UTC
2013-06-07,49659,35699.0,58241.0,61.928843935764355,2623.0,2026-07-29 06:43:07 UTC
2013-06-14,53120,37465.0,59556.0,70.86596351455344,3461.0,2026-07-29 06:43:07 UTC
2013-06-21,54849,39187.0,61376.0,70.58452386317545,1729.0,2026-07-29 06:43:07 UTC
2013-06-28,56353,41358.0,62233.0,71.83233532934132,1504.0,2026-07-29 06:43:07 UTC
2013-07-05,57374,44001.0,63183.0,69.71640079240954,1021.0,2026-07-29 06:43:07 UTC
2013-07-12,57966,44997.0,64745.0,65.67247316183918,592.0,2026-07-29 06:43:07 UTC
2013-07-19,59418,45311.0,66429.0,66.80083341225495,1452.0,2026-07-29 06:43:07 UTC
2013-07-26,61296,45769.0,68368.0,68.70657993716536,1878.0,2026-07-29 06:43:07 UTC
2013-08-02,61826,47196.0,68955.0,67.23654579714142,530.0,2026-07-29 06:43:07 UTC
2013-08-09,61851,49186.0,69485.0,62.3922360707424,25.0,2026-07-29 06:43:07 UTC
2013-08-16,61892,50763.0,70942.0,55.151395014619155,41.0,2026-07-29 06:43:07 UTC
2013-08-23,62072,52041.0,71658.0,51.13422031911098,180.0,2026-07-29 06:43:07 UTC
2013-08-30,64614,52908.0,72496.0,59.76107821114969,2542.0,2026-07-29 06:43:07 UTC
2013-09-06,64498,54451.0,72695.0,55.07016005262004,-116.0,2026-07-29 06:43:07 UTC
2013-09-13,64439,55359.0,74017.0,48.665451816914995,-59.0,2026-07-29 06:43:07 UTC
2013-09-20,65455,55636.0,74290.0,52.6375040205854,1016.0,2026-07-29 06:43:07 UTC
2013-09-27,67025,57473.0,75584.0,52.74142786152062,1570.0,2026-07-29 06:43:07 UTC
2013-10-04,66477,57893.0,75896.0,47.680942065211354,-548.0,2026-07-29 06:43:07 UTC
2013-10-11,66503,58929.0,74628.0,48.24511115357666,26.0,2026-07-29 06:43:07 UTC
2013-10-18,65970,59111.0,74475.0,44.64332205154908,-533.0,2026-07-29 06:43:07 UTC
2013-10-25,64797,60263.0,73947.0,33.13358667056416,-1173.0,2026-07-29 06:43:07 UTC
2013-11-01,62068,60192.0,73620.0,13.9708072683944,-2729.0,2026-07-29 06:43:07 UTC
2013-11-08,60813,59620.0,73183.0,8.79598908795989,-1255.0,2026-07-29 06:43:07 UTC
2013-11-15,58372,59385.0,72666.0,-7.627437692944808,-2441.0,2026-07-29 06:43:07 UTC
2013-11-22,56940,59771.0,72847.0,-21.650351789538085,-1432.0,2026-07-29 06:43:07 UTC
2013-11-29,54275,59678.0,72510.0,-42.105673316708234,-2665.0,2026-07-29 06:43:07 UTC
2013-12-06,52617,59183.0,71183.0,-54.71666666666667,-1658.0,2026-07-29 06:43:07 UTC
2013-12-13,49958,56887.0,69223.0,-56.1689364461738,-2659.0,2026-07-29 06:43:07 UTC
2013-12-20,47442,53996.0,68850.0,-44.12279520667833,-2516.0,2026-07-29 06:43:07 UTC
2013-12-27,45901,52469.0,66670.0,-46.25026406591085,-1541.0,2026-07-29 06:43:07 UTC
2014-01-03,42433,45947.0,65572.0,-17.905732484076434,-3468.0,2026-07-29 06:43:07 UTC
2014-01-10,38654,41138.0,63956.0,-10.886142519063897,-3779.0,2026-07-29 06:43:07 UTC
2014-01-17,35263,36813.0,60883.0,-6.439551308683007,-3391.0,2026-07-29 06:43:07 UTC
2014-01-24,31674,33855.0,57433.0,-9.250148443464248,-3589.0,2026-07-29 06:43:07 UTC
2014-01-31,30842,32588.0,54869.0,-7.836273057762219,-832.0,2026-07-29 06:43:07 UTC
2014-02-07,27901,29642.0,52411.0,-7.646361280688656,-2941.0,2026-07-29 06:43:07 UTC
2014-02-14,26715,27364.0,51076.0,-2.737010796221323,-1186.0,2026-07-29 06:43:07 UTC
2014-02-21,26676,26831.0,47854.0,-0.7372877324834705,-39.0,2026-07-29 06:43:07 UTC
2014-02-28,27155,25308.0,45672.0,9.06992732272638,479.0,2026-07-29 06:43:07 UTC
2014-03-07,26059,25100.0,43000.0,5.35754189944134,-1096.0,2026-07-29 06:43:07 UTC
2014-03-14,26241,25143.0,42730.0,6.243247853528175,182.0,2026-07-29 06:43:07 UTC
2014-03-21,25658,25617.0,43709.0,0.2266195003316383,-583.0,2026-07-29 06:43:07 UTC
2014-03-28,26568,25763.0,44783.0,4.232386961093586,910.0,2026-07-29 06:43:07 UTC
2014-04-04,27584,26746.0,45442.0,4.482242190842961,1016.0,2026-07-29 06:43:07 UTC
2014-04-11,28357,26386.0,46332.0,9.881680537451118,773.0,2026-07-29 06:43:07 UTC
2014-04-18,29527,26465.0,47440.0,14.598331346841478,1170.0,2026-07-29 06:43:07 UTC
2014-04-25,31537,27751.0,48507.0,18.240508768548853,2010.0,2026-07-29 06:43:07 UTC
2014-05-02,35249,28761.0,51023.0,29.143832539753838,3712.0,2026-07-29 06:43:07 UTC
2014-05-09,37725,30478.0,52725.0,32.57517867577651,2476.0,2026-07-29 06:43:07 UTC
2014-05-16,39911,31605.0,53998.0,37.09194837672487,2186.0,2026-07-29 06:43:07 UTC
2014-05-23,42089,32809.0,55647.0,40.634031000963304,2178.0,2026-07-29 06:43:07 UTC
2014-05-30,45775,34587.0,57915.0,47.959533607681756,3686.0,2026-07-29 06:43:07 UTC
2014-06-06,49214,35699.0,58241.0,59.95475113122172,3439.0,2026-07-29 06:43:07 UTC
2014-06-13,51241,37465.0,59556.0,62.36023720066996,2027.0,2026-07-29 06:43:07 UTC
2014-06-20,53671,39187.0,61376.0,65.27558700256884,2430.0,2026-07-29 06:43:07 UTC
2014-06-27,56240,41508.0,62233.0,71.0832328106152,2569.0,2026-07-29 06:43:07 UTC
2014-07-04,60073,44561.0,63183.0,83.29932338094727,3833.0,2026-07-29 06:43:07 UTC
2014-07-11,63288,46601.0,64745.0,91.9697971781305,3215.0,2026-07-29 06:43:07 UTC
2014-07-18,65451,48247.0,66429.0,94.62105378946211,2163.0,2026-07-29 06:43:07 UTC
2014-07-25,67201,49354.0,68368.0,93.86241716629851,1750.0,2026-07-29 06:43:07 UTC
2014-08-01,68480,49595.0,68955.0,97.54648760330579,1279.0,2026-07-29 06:43:07 UTC
2014-08-08,70300,50382.0,69485.0,104.26634560016753,1820.0,2026-07-29 06:43:07 UTC
2014-08-15,72830,52045.0,70942.0,109.99100386304706,2530.0,2026-07-29 06:43:07 UTC
2014-08-22,74709,53590.0,71658.0,116.8862076599513,1879.0,2026-07-29 06:43:07 UTC
2014-08-29,76124,53561.0,72496.0,119.1602851861632,1415.0,2026-07-29 06:43:07 UTC
2014-09-05,76046,54745.0,72695.0,118.66852367688023,-78.0,2026-07-29 06:43:07 UTC
2014-09-12,77438,55359.0,74017.0,118.33529853146104,1392.0,2026-07-29 06:43:07 UTC
2014-09-19,79117,56226.0,74290.0,126.72165633303808,1679.0,2026-07-29 06:43:07 UTC
2014-09-26,79560,57473.0,75584.0,121.95350891723263,443.0,2026-07-29 06:43:07 UTC
2014-10-03,80645,57893.0,75896.0,126.37893684385935,1085.0,2026-07-29 06:43:07 UTC
2014-10-10,81376,58929.0,74628.0,142.98362953054337,731.0,2026-07-29 06:43:07 UTC
2014-10-17,81612,59111.0,74475.0,146.45274668055194,236.0,2026-07-29 06:43:07 UTC
2014-10-24,80271,60263.0,73947.0,146.21455714703305,-1341.0,2026-07-29 06:43:07 UTC
2014-10-31,80127,60192.0,73620.0,148.45844504021449,-144.0,2026-07-29 06:43:07 UTC
2014-11-07,81053,59620.0,73183.0,158.02551058025512,926.0,2026-07-29 06:43:07 UTC
2014-11-14,81152,58372.0,72666.0,159.36756681124947,99.0,2026-07-29 06:43:07 UTC
2014-11-21,79201,56940.0,72847.0,139.94467844345257,-1951.0,2026-07-29 06:43:07 UTC
2014-11-28,79416,54275.0,72510.0,137.8722237455443,215.0,2026-07-29 06:43:07 UTC
2014-12-05,79159,52617.0,71183.0,142.96024991920714,-257.0,2026-07-29 06:43:07 UTC
2014-12-12,78388,49958.0,69223.0,147.57331949130548,-771.0,2026-07-29 06:43:07 UTC
2014-12-19,77840,47442.0,68850.0,141.99364723467863,-548.0,2026-07-29 06:43:07 UTC
2014-12-26,77244,45901.0,66670.0,150.91241754538015,-596.0,2026-07-29 06:43:07 UTC
2015-01-02,75650,42433.0,65572.0,143.5541726090151,-1594.0,2026-07-29 06:43:07 UTC
2015-01-09,74853,38654.0,63956.0,143.06774168049955,-797.0,2026-07-29 06:43:07 UTC
2015-01-16,71246,35263.0,60883.0,140.44886807181888,-3607.0,2026-07-29 06:43:07 UTC
2015-01-23,69308,31674.0,57433.0,146.10039209596647,-1938.0,2026-07-29 06:43:07 UTC
2015-01-30,67237,30842.0,54869.0,151.47542348191618,-2071.0,2026-07-29 06:43:07 UTC
2015-02-06,64955,27901.0,52411.0,151.17911056711546,-2282.0,2026-07-29 06:43:07 UTC
2015-02-13,61465,26715.0,51076.0,142.6460325930791,-3490.0,2026-07-29 06:43:07 UTC
2015-02-20,59238,26676.0,47854.0,153.7538955519879,-2227.0,2026-07-29 06:43:07 UTC
2015-02-27,55070,25308.0,45672.0,146.15006874877236,-4168.0,2026-07-29 06:43:07 UTC
2015-03-06,53744,25100.0,43000.0,160.0223463687151,-1326.0,2026-07-29 06:43:07 UTC
2015-03-13,54284,25143.0,42730.0,165.69625291408428,540.0,2026-07-29 06:43:07 UTC
2015-03-20,55003,25617.0,43709.0,162.42538138403714,719.0,2026-07-29 06:43:07 UTC
2015-03-27,57360,25763.0,44783.0,166.12513144058886,2357.0,2026-07-29 06:43:07 UTC
2015-04-03,57959,26746.0,45442.0,166.95014976465555,599.0,2026-07-29 06:43:07 UTC
2015-04-10,60017,26386.0,46332.0,168.6102476687055,2058.0,2026-07-29 06:43:07 UTC
2015-04-17,62044,26465.0,47440.0,169.62574493444578,2027.0,2026-07-29 06:43:07 UTC
2015-04-24,64667,27751.0,48507.0,177.8570052033147,2623.0,2026-07-29 06:43:07 UTC
2015-05-01,66516,28761.0,51023.0,169.5939268709011,1849.0,2026-07-29 06:43:07 UTC
2015-05-08,68459,30478.0,52725.0,170.72414258102216,1943.0,2026-07-29 06:43:07 UTC
2015-05-15,71042,31605.0,53998.0,176.11307104898853,2583.0,2026-07-29 06:43:07 UTC
2015-05-22,73218,32809.0,55647.0,176.93756020667308,2176.0,2026-07-29 06:43:07 UTC
2015-05-29,77046,34587.0,57915.0,182.00874485596708,3828.0,2026-07-29 06:43:07 UTC
2015-06-05,78795,35699.0,58241.0,191.180906751841,1749.0,2026-07-29 06:43:07 UTC
2015-06-12,80660,37465.0,59556.0,195.53211715178128,1865.0,2026-07-29 06:43:07 UTC
2015-06-19,81968,39187.0,61376.0,192.80274009644418,1308.0,2026-07-29 06:43:07 UTC
2015-06-26,83547,41508.0,62233.0,202.8419782870929,1579.0,2026-07-29 06:43:07 UTC
2015-07-03,85724,44561.0,63183.0,221.04500053699928,2177.0,2026-07-29 06:43:07 UTC
2015-07-10,87382,46601.0,64745.0,224.76300705467372,1658.0,2026-07-29 06:43:07 UTC
2015-07-17,87690,48247.0,66018.0,221.95149400709022,308.0,2026-07-29 06:43:07 UTC
2015-07-24,89446,49354.0,67463.0,221.3926776740847,1756.0,2026-07-29 06:43:07 UTC
2015-07-31,90378,49595.0,68480.0,215.95446121260258,932.0,2026-07-29 06:43:07 UTC
2015-08-07,92792,50382.0,70300.0,212.922984235365,2414.0,2026-07-29 06:43:07 UTC
2015-08-14,93866,52045.0,72830.0,201.20760163579504,1074.0,2026-07-29 06:43:07 UTC
2015-08-21,95724,53590.0,74709.0,199.50755244092997,1858.0,2026-07-29 06:43:07 UTC
2015-08-28,96344,53561.0,76124.0,189.6157425874219,620.0,2026-07-29 06:43:07 UTC
2015-09-04,96556,54745.0,76046.0,196.286559316464,212.0,2026-07-29 06:43:07 UTC
2015-09-11,97693,55359.0,77438.0,191.73875628425202,1137.0,2026-07-29 06:43:07 UTC
2015-09-18,97076,56226.0,79117.0,178.45441439867196,-617.0,2026-07-29 06:43:07 UTC
2015-09-25,98741,57473.0,79560.0,186.84293928555257,1665.0,2026-07-29 06:43:07 UTC
2015-10-02,100342,57893.0,80645.0,186.57260900140648,1601.0,2026-07-29 06:43:07 UTC
2015-10-09,102164,58929.0,81376.0,192.60925736178552,1822.0,2026-07-29 06:43:07 UTC
2015-10-16,101587,59111.0,81612.0,188.77383227412113,-577.0,2026-07-29 06:43:07 UTC
2015-10-23,101563,60263.0,80271.0,206.4174330267893,-24.0,2026-07-29 06:43:07 UTC
2015-10-30,102411,60192.0,80127.0,211.78329571106093,848.0,2026-07-29 06:43:07 UTC
2015-11-06,103974,59620.0,81053.0,206.94256520319132,1563.0,2026-07-29 06:43:07 UTC
2015-11-13,104469,58372.0,81152.0,202.35733099209833,495.0,2026-07-29 06:43:07 UTC
2015-11-20,106202,56940.0,79201.0,221.29284398724226,1733.0,2026-07-29 06:43:07 UTC
2015-11-27,104103,54275.0,79416.0,198.19418479774075,-2099.0,2026-07-29 06:43:07 UTC
2015-12-04,100658,52617.0,79159.0,180.99992464772814,-3445.0,2026-07-29 06:43:07 UTC
2015-12-11,98975,49958.0,78388.0,172.41294407316215,-1683.0,2026-07-29 06:43:07 UTC
2015-12-18,97638,47442.0,77840.0,165.12928482136985,-1337.0,2026-07-29 06:43:07 UTC
2015-12-25,97734,45901.0,77244.0,165.37344861691605,96.0,2026-07-29 06:43:07 UTC
2016-01-01,96341,,,,-1393.0,2026-07-29 06:43:07 UTC
2016-01-08,91858,42433.0,75650.0,148.79429207935695,-4483.0,2026-07-29 06:43:07 UTC
2016-01-15,89943,38654.0,74853.0,141.68623442636536,-1915.0,2026-07-29 06:43:07 UTC
2016-01-22,83695,35263.0,71246.0,134.59689297723924,-6248.0,2026-07-29 06:43:07 UTC
2016-01-29,78086,31674.0,69308.0,123.32465323909231,-5609.0,2026-07-29 06:43:07 UTC
2016-02-05,74798,30842.0,67237.0,120.77483170765215,-3288.0,2026-07-29 06:43:07 UTC
2016-02-12,70458,27901.0,64955.0,114.8512981054677,-4340.0,2026-07-29 06:43:07 UTC
2016-02-19,66740,26715.0,61465.0,115.17985611510791,-3718.0,2026-07-29 06:43:07 UTC
2016-02-26,63065,26676.0,59238.0,111.75296357717586,-3675.0,2026-07-29 06:43:07 UTC
2016-03-04,62320,27086.0,55070.0,125.90766152086907,-745.0,2026-07-29 06:43:07 UTC
2016-03-11,62500,26059.0,53744.0,131.62723496478236,180.0,2026-07-29 06:43:07 UTC
2016-03-18,62226,26241.0,54284.0,128.32079306778877,-274.0,2026-07-29 06:43:07 UTC
2016-03-25,62825,25658.0,55003.0,126.65530754813426,599.0,2026-07-29 06:43:07 UTC
2016-04-01,64858,25763.0,57360.0,123.73010095895181,2033.0,2026-07-29 06:43:07 UTC
2016-04-08,67702,26746.0,57959.0,131.21455803671546,2844.0,2026-07-29 06:43:07 UTC
2016-04-15,68940,26386.0,60017.0,126.53206862715946,1238.0,2026-07-29 06:43:07 UTC
2016-04-22,71199,26465.0,62044.0,125.73147081143372,2259.0,2026-07-29 06:43:07 UTC
2016-04-29,71858,27751.0,64667.0,119.47935854372088,659.0,2026-07-29 06:43:07 UTC
2016-05-06,73176,28761.0,66516.0,117.64004767580454,1318.0,2026-07-29 06:43:07 UTC
2016-05-13,74216,30478.0,68459.0,115.1575787893947,1040.0,2026-07-29 06:43:07 UTC
2016-05-20,74129,31605.0,71042.0,107.82767451885285,-87.0,2026-07-29 06:43:07 UTC
2016-05-27,75381,32809.0,73218.0,105.3527679477344,1252.0,2026-07-29 06:43:07 UTC
2016-06-03,77294,34587.0,77046.0,100.58409288961117,1913.0,2026-07-29 06:43:07 UTC
2016-06-10,78351,35699.0,78795.0,98.96974197141266,1057.0,2026-07-29 06:43:07 UTC
2016-06-17,79561,37465.0,80660.0,97.4557240421345,1210.0,2026-07-29 06:43:07 UTC
2016-06-24,82073,39187.0,81968.0,100.24543605806315,2512.0,2026-07-29 06:43:07 UTC
2016-07-01,84788,41508.0,83547.0,102.95202074264374,2715.0,2026-07-29 06:43:07 UTC
2016-07-08,87359,44561.0,85724.0,103.97201370162526,2571.0,2026-07-29 06:43:07 UTC
2016-07-15,87437,46601.0,87382.0,100.13486672715234,78.0,2026-07-29 06:43:07 UTC
2016-07-22,89599,48247.0,87690.0,104.83989554547068,2162.0,2026-07-29 06:43:07 UTC
2016-07-29,89865,49354.0,89446.0,101.04509627855931,266.0,2026-07-29 06:43:07 UTC
2016-08-05,91903,49595.0,90378.0,103.73930314101464,2038.0,2026-07-29 06:43:07 UTC
2016-08-12,93744,50382.0,92792.0,102.24475359585003,1841.0,2026-07-29 06:43:07 UTC
2016-08-19,96135,52045.0,93866.0,105.42550393343058,2391.0,2026-07-29 06:43:07 UTC
2016-08-26,98510,53590.0,95724.0,106.61223714814638,2375.0,2026-07-29 06:43:07 UTC
2016-09-02,99127,53561.0,96344.0,106.5049201785756,617.0,2026-07-29 06:43:07 UTC
2016-09-09,101090,54745.0,96556.0,110.84403625840089,1963.0,2026-07-29 06:43:07 UTC
2016-09-16,101749,55359.0,97693.0,109.58095148107904,659.0,2026-07-29 06:43:07 UTC
2016-09-23,103264,56226.0,97076.0,115.1481028151775,1515.0,2026-07-29 06:43:07 UTC
2016-09-30,104000,57473.0,98741.0,112.74353009595812,736.0,2026-07-29 06:43:07 UTC
2016-10-07,103928,57893.0,100342.0,108.44778440010366,-72.0,2026-07-29 06:43:07 UTC
2016-10-14,102682,58929.0,102164.0,101.19810338845842,-1246.0,2026-07-29 06:43:07 UTC
2016-10-21,100567,59111.0,101587.0,97.59864394010735,-2115.0,2026-07-29 06:43:07 UTC
2016-10-28,100913,60263.0,101563.0,98.42615012106538,346.0,2026-07-29 06:43:07 UTC
2016-11-04,99600,60192.0,102411.0,93.34186029986499,-1313.0,2026-07-29 06:43:07 UTC
2016-11-11,100827,59620.0,103974.0,92.90481129097714,1227.0,2026-07-29 06:43:07 UTC
2016-11-18,102668,58372.0,104469.0,96.09302123782459,1841.0,2026-07-29 06:43:07 UTC
2016-11-25,100800,56940.0,106202.0,89.03414396492225,-1868.0,2026-07-29 06:43:07 UTC
2016-12-02,99252,54275.0,104103.0,90.26450991410452,-1548.0,2026-07-29 06:43:07 UTC
2016-12-09,95623,52617.0,100658.0,89.51936887242148,-3629.0,2026-07-29 06:43:07 UTC
2016-12-16,92539,49958.0,98975.0,86.86986147663056,-3084.0,2026-07-29 06:43:07 UTC
2016-12-23,86869,47442.0,97638.0,78.54609929078015,-5670.0,2026-07-29 06:43:07 UTC
2016-12-30,84123,45901.0,97734.0,73.74066714255397,-2746.0,2026-07-29 06:43:07 UTC
2017-01-06,79659,42433.0,91858.0,75.31815882650481,-4464.0,2026-07-29 06:43:07 UTC
2017-01-13,72245,38654.0,89943.0,65.49357562050342,-7414.0,2026-07-29 06:43:07 UTC
2017-01-20,68212,35263.0,83695.0,68.0314667988107,-4033.0,2026-07-29 06:43:07 UTC
2017-01-27,62648,31674.0,78086.0,66.73705076273377,-5564.0,2026-07-29 06:43:07 UTC
2017-02-03,55772,30842.0,74798.0,56.715806715806714,-6876.0,2026-07-29 06:43:07 UTC
2017-02-10,53140,27901.0,70458.0,59.30634208238362,-2632.0,2026-07-29 06:43:07 UTC
2017-02-17,49843,26715.0,66740.0,57.78388507183011,-3297.0,2026-07-29 06:43:07 UTC
2017-02-24,49307,26676.0,63065.0,62.19187116985903,-536.0,2026-07-29 06:43:07 UTC
2017-03-03,45226,27155.0,62320.0,51.38916536328736,-4081.0,2026-07-29 06:43:07 UTC
2017-03-10,44468,26059.0,62500.0,50.51727449850443,-758.0,2026-07-29 06:43:07 UTC
2017-03-17,44333,26241.0,62226.0,50.27650409893011,-135.0,2026-07-29 06:43:07 UTC
2017-03-24,42795,25658.0,62825.0,46.10810665375198,-1538.0,2026-07-29 06:43:07 UTC
2017-03-31,41582,26568.0,64858.0,39.21128231914338,-1213.0,2026-07-29 06:43:07 UTC
2017-04-07,40367,27584.0,67702.0,31.86350266713196,-1215.0,2026-07-29 06:43:07 UTC
2017-04-14,39643,28357.0,68940.0,27.80967400142917,-724.0,2026-07-29 06:43:07 UTC
2017-04-21,39651,29527.0,71199.0,24.294490305240927,8.0,2026-07-29 06:43:07 UTC
2017-04-28,39667,31537.0,71858.0,20.163190397063566,16.0,2026-07-29 06:43:07 UTC
2017-05-05,41633,35249.0,73176.0,16.832335802989952,1966.0,2026-07-29 06:43:07 UTC
2017-05-12,42208,37725.0,74216.0,12.285221013400564,575.0,2026-07-29 06:43:07 UTC
2017-05-19,43686,39911.0,74129.0,11.032205272079022,1478.0,2026-07-29 06:43:07 UTC
2017-05-26,47132,42089.0,75381.0,15.147783251231528,3446.0,2026-07-29 06:43:07 UTC
2017-06-02,50425,45775.0,77294.0,14.753006123290714,3293.0,2026-07-29 06:43:07 UTC
2017-06-09,52782,49214.0,78795.0,12.061796423379873,2357.0,2026-07-29 06:43:07 UTC
2017-06-16,54533,51241.0,80660.0,11.1900472483769,1751.0,2026-07-29 06:43:07 UTC
2017-06-23,58451,53671.0,82073.0,16.82980071825928,3918.0,2026-07-29 06:43:07 UTC
2017-06-30,60569,56240.0,84788.0,15.163934426229508,2118.0,2026-07-29 06:43:07 UTC
2017-07-07,62232,57374.0,87359.0,16.20143405035851,1663.0,2026-07-29 06:43:07 UTC
2017-07-14,65733,57966.0,87437.0,26.354721590716295,3501.0,2026-07-29 06:43:07 UTC
2017-07-21,65933,59418.0,89599.0,21.586428547761837,200.0,2026-07-29 06:43:07 UTC
2017-07-28,67605,61296.0,89865.0,22.0833770870524,1672.0,2026-07-29 06:43:07 UTC
2017-08-04,67630,61826.0,91903.0,19.297137347474816,25.0,2026-07-29 06:43:07 UTC
2017-08-11,69239,61851.0,93744.0,23.164957827736494,1609.0,2026-07-29 06:43:07 UTC
2017-08-18,72173,61892.0,96135.0,30.02365446952662,2934.0,2026-07-29 06:43:07 UTC
2017-08-25,73553,62072.0,98510.0,31.508315494813104,1380.0,2026-07-29 06:43:07 UTC
2017-09-01,79899,64614.0,99127.0,44.287659722423435,6346.0,2026-07-29 06:43:07 UTC
2017-09-08,82183,64498.0,101090.0,48.330236117184086,2284.0,2026-07-29 06:43:07 UTC
2017-09-15,80806,64439.0,101749.0,43.86759581881533,-1377.0,2026-07-29 06:43:07 UTC
2017-09-22,78400,65455.0,103264.0,34.23787986987225,-2406.0,2026-07-29 06:43:07 UTC
2017-09-29,78004,67025.0,104000.0,29.69303583502366,-396.0,2026-07-29 06:43:07 UTC
2017-10-06,78928,66477.0,103928.0,33.246108248110865,924.0,2026-07-29 06:43:07 UTC
2017-10-13,78837,66503.0,102682.0,34.091600099505236,-91.0,2026-07-29 06:43:07 UTC
2017-10-20,77620,65970.0,101587.0,32.709099587275745,-1217.0,2026-07-29 06:43:07 UTC
2017-10-27,78345,64797.0,101563.0,36.849262905945714,725.0,2026-07-29 06:43:07 UTC
2017-11-03,77200,62068.0,102411.0,37.50836576357732,-1145.0,2026-07-29 06:43:07 UTC
2017-11-10,74680,60813.0,103974.0,32.12854197076064,-2520.0,2026-07-29 06:43:07 UTC
2017-11-17,73714,58372.0,104469.0,33.28199232054146,-966.0,2026-07-29 06:43:07 UTC
2017-11-24,73154,56940.0,106202.0,32.91380780317486,-560.0,2026-07-29 06:43:07 UTC
2017-12-01,74470,54275.0,104103.0,40.529421208958816,1316.0,2026-07-29 06:43:07 UTC
2017-12-08,74668,52617.0,100658.0,45.900376761516206,198.0,2026-07-29 06:43:07 UTC
2017-12-15,71345,49958.0,98975.0,43.63180121182447,-3323.0,2026-07-29 06:43:07 UTC
2017-12-22,68634,47442.0,97638.0,42.21850346641167,-2711.0,2026-07-29 06:43:07 UTC
2017-12-29,67976,45901.0,97734.0,42.58869831960334,-658.0,2026-07-29 06:43:07 UTC
2018-01-05,61682,42433.0,91858.0,38.94587759231158,-6294.0,2026-07-29 06:43:07 UTC
2018-01-12,58007,38654.0,89943.0,37.73323714636667,-3675.0,2026-07-29 06:43:07 UTC
2018-01-19,53992,35263.0,83695.0,38.6707135777998,-4015.0,2026-07-29 06:43:07 UTC
2018-01-26,53060,31674.0,78086.0,46.078600361975354,-932.0,2026-07-29 06:43:07 UTC
2018-02-02,48937,30842.0,74798.0,41.16616616616617,-4123.0,2026-07-29 06:43:07 UTC
2018-02-09,45641,27901.0,70458.0,41.68526916840943,-3296.0,2026-07-29 06:43:07 UTC
2018-02-16,43093,26715.0,66740.0,40.91942535915053,-2548.0,2026-07-29 06:43:07 UTC
2018-02-23,42713,26676.0,63065.0,44.07101047019704,-380.0,2026-07-29 06:43:07 UTC
2018-03-02,41088,27155.0,62320.0,39.62178302289208,-1625.0,2026-07-29 06:43:07 UTC
2018-03-09,38820,26059.0,62500.0,35.01824867594193,-2268.0,2026-07-29 06:43:07 UTC
2018-03-16,36759,26241.0,62226.0,29.2288453522301,-2061.0,2026-07-29 06:43:07 UTC
2018-03-23,35603,25658.0,62825.0,26.75760755508919,-1156.0,2026-07-29 06:43:07 UTC
2018-03-30,36249,26568.0,64858.0,25.283363802559418,646.0,2026-07-29 06:43:07 UTC
2018-04-06,35832,27584.0,67702.0,20.559349917742658,-417.0,2026-07-29 06:43:07 UTC
2018-04-13,35872,28357.0,68940.0,18.517605894093585,40.0,2026-07-29 06:43:07 UTC
2018-04-20,35710,29527.0,71199.0,14.837300825494337,-162.0,2026-07-29 06:43:07 UTC
2018-04-27,36370,31537.0,71858.0,11.986309863346643,660.0,2026-07-29 06:43:07 UTC
2018-05-04,38671,35249.0,73176.0,9.022596039760593,2301.0,2026-07-29 06:43:07 UTC
2018-05-11,40358,37725.0,74216.0,7.215477789043874,1687.0,2026-07-29 06:43:07 UTC
2018-05-18,41092,39911.0,74129.0,3.4513998480331987,734.0,2026-07-29 06:43:07 UTC
2018-05-25,43135,42089.0,75381.0,3.1418959509792144,2043.0,2026-07-29 06:43:07 UTC
2018-06-01,47113,45775.0,77294.0,4.2450585361210695,3978.0,2026-07-29 06:43:07 UTC
2018-06-08,50845,49214.0,78795.0,5.513674317974376,3732.0,2026-07-29 06:43:07 UTC
2018-06-15,54079,51241.0,80660.0,9.646826880587374,3234.0,2026-07-29 06:43:07 UTC
2018-06-22,58365,53671.0,82073.0,16.527005140483062,4286.0,2026-07-29 06:43:07 UTC
2018-06-29,61229,56240.0,84788.0,17.475830180748215,2864.0,2026-07-29 06:43:07 UTC
2018-07-06,63592,57374.0,87359.0,20.737035184258794,2363.0,2026-07-29 06:43:07 UTC
2018-07-13,65256,57966.0,87437.0,24.73618133079977,1664.0,2026-07-29 06:43:07 UTC
2018-07-20,64482,59418.0,89599.0,16.778768099135217,-774.0,2026-07-29 06:43:07 UTC
2018-07-27,66276,61296.0,89865.0,17.431481675942457,1794.0,2026-07-29 06:43:07 UTC
2018-08-03,66380,61826.0,91903.0,15.141137746450775,104.0,2026-07-29 06:43:07 UTC
2018-08-10,69782,61851.0,93744.0,24.867525789358165,3402.0,2026-07-29 06:43:07 UTC
2018-08-17,68841,61892.0,96135.0,20.293198609934876,-941.0,2026-07-29 06:43:07 UTC
2018-08-24,71400,62072.0,98510.0,25.599648718370933,2559.0,2026-07-29 06:43:07 UTC
2018-08-31,73404,64614.0,99127.0,25.46866398168806,2004.0,2026-07-29 06:43:07 UTC
2018-09-07,74642,64498.0,101090.0,27.72190642763446,1238.0,2026-07-29 06:43:07 UTC
2018-09-14,74752,64439.0,101749.0,27.641383007236662,110.0,2026-07-29 06:43:07 UTC
2018-09-21,76358,65455.0,103264.0,28.8370493797773,1606.0,2026-07-29 06:43:07 UTC
2018-09-28,78722,67025.0,104000.0,31.634888438133874,2364.0,2026-07-29 06:43:07 UTC
2018-10-05,80261,66477.0,103928.0,36.80542575632159,1539.0,2026-07-29 06:43:07 UTC
2018-10-12,82298,66503.0,102682.0,43.65792310456342,2037.0,2026-07-29 06:43:07 UTC
2018-10-19,81999,65970.0,101587.0,45.00379032484488,-299.0,2026-07-29 06:43:07 UTC
2018-10-26,83016,64797.0,101563.0,49.55393570146331,1017.0,2026-07-29 06:43:07 UTC
2018-11-02,84528,62068.0,102411.0,55.67260739161689,1512.0,2026-07-29 06:43:07 UTC
2018-11-09,83760,60813.0,103974.0,53.16605268645305,-768.0,2026-07-29 06:43:07 UTC
2018-11-16,81776,58372.0,104469.0,50.77119986116233,-1984.0,2026-07-29 06:43:07 UTC
2018-11-23,81143,56940.0,106202.0,49.131176160123424,-633.0,2026-07-29 06:43:07 UTC
2018-11-30,79806,54275.0,104103.0,51.23825961306896,-1337.0,2026-07-29 06:43:07 UTC
2018-12-07,76559,52617.0,100658.0,49.83659790595533,-3247.0,2026-07-29 06:43:07 UTC
2018-12-14,73246,49958.0,98975.0,47.51004753452884,-3313.0,2026-07-29 06:43:07 UTC
2018-12-21,72219,47442.0,97638.0,49.36050681329189,-1027.0,2026-07-29 06:43:07 UTC
2018-12-28,70653,45901.0,97734.0,47.75336175795343,-1566.0,2026-07-29 06:43:07 UTC
2019-01-04,68740,42433.0,91858.0,53.22610015174507,-1913.0,2026-07-29 06:43:07 UTC
2019-01-11,67499,38654.0,89943.0,56.24012946245783,-1241.0,2026-07-29 06:43:07 UTC
2019-01-18,63782,35263.0,83695.0,58.88462173769409,-3717.0,2026-07-29 06:43:07 UTC
2019-01-25,60153,31674.0,78086.0,61.36128587434284,-3629.0,2026-07-29 06:43:07 UTC
2019-02-01,57517,30842.0,74798.0,60.685685685685684,-2636.0,2026-07-29 06:43:07 UTC
2019-02-08,58168,27901.0,70458.0,71.12108466292267,651.0,2026-07-29 06:43:07 UTC
2019-02-15,54599,26715.0,66740.0,69.66645846346033,-3569.0,2026-07-29 06:43:07 UTC
2019-02-22,53410,26676.0,63065.0,73.46725658852951,-1189.0,2026-07-29 06:43:07 UTC
2019-03-01,51371,27155.0,62320.0,68.86392720034125,-2039.0,2026-07-29 06:43:07 UTC
2019-03-08,50159,26059.0,62500.0,66.13429927828545,-1212.0,2026-07-29 06:43:07 UTC
2019-03-15,51110,26241.0,62226.0,69.10935111852162,951.0,2026-07-29 06:43:07 UTC
2019-03-22,51637,25658.0,62825.0,69.89802782037829,527.0,2026-07-29 06:43:07 UTC
2019-03-29,53195,26568.0,64858.0,69.54034996082528,1558.0,2026-07-29 06:43:07 UTC
2019-04-05,54361,27584.0,67702.0,66.74560047858816,1166.0,2026-07-29 06:43:07 UTC
2019-04-12,56736,28357.0,68940.0,69.92829509893305,2375.0,2026-07-29 06:43:07 UTC
2019-04-19,57779,29527.0,71199.0,67.79612209637168,1043.0,2026-07-29 06:43:07 UTC
2019-04-26,58940,31537.0,71858.0,67.96210411448129,1161.0,2026-07-29 06:43:07 UTC
2019-05-03,59951,35249.0,73176.0,65.1303820497271,1011.0,2026-07-29 06:43:07 UTC
2019-05-10,62710,37725.0,74216.0,68.46893754624428,2759.0,2026-07-29 06:43:07 UTC
2019-05-17,65830,39911.0,74129.0,75.74668303232217,3120.0,2026-07-29 06:43:07 UTC
2019-05-24,65752,42089.0,75381.0,71.07713564820376,-78.0,2026-07-29 06:43:07 UTC
2019-05-31,68272,45775.0,77294.0,71.37599543132713,2520.0,2026-07-29 06:43:07 UTC
2019-06-07,71134,49214.0,78795.0,74.10161928264765,2862.0,2026-07-29 06:43:07 UTC
2019-06-14,74463,51241.0,80660.0,78.93538189605357,3329.0,2026-07-29 06:43:07 UTC
2019-06-21,75866,53671.0,82073.0,78.1459052179424,1403.0,2026-07-29 06:43:07 UTC
2019-06-28,77174,56240.0,84788.0,73.32912988650693,1308.0,2026-07-29 06:43:07 UTC
2019-07-05,76933,60073.0,87359.0,61.789928901268055,-241.0,2026-07-29 06:43:07 UTC
2019-07-12,77477,63288.0,87437.0,58.75605615139343,544.0,2026-07-29 06:43:07 UTC
2019-07-19,79052,64482.0,89599.0,58.0085201258112,1575.0,2026-07-29 06:43:07 UTC
2019-07-26,80451,66276.0,89865.0,60.091568103777185,1399.0,2026-07-29 06:43:07 UTC
2019-08-02,83303,66380.0,91903.0,66.30490146142695,2852.0,2026-07-29 06:43:07 UTC
2019-08-09,86509,69239.0,93744.0,70.47541318098347,3206.0,2026-07-29 06:43:07 UTC
2019-08-16,90496,68841.0,96135.0,79.33978163698981,3987.0,2026-07-29 06:43:07 UTC
2019-08-23,94157,71400.0,98510.0,83.94319439321283,3661.0,2026-07-29 06:43:07 UTC
2019-08-30,97019,73404.0,99127.0,91.80499941686429,2862.0,2026-07-29 06:43:07 UTC
2019-09-06,97763,74642.0,101090.0,87.42059891107078,744.0,2026-07-29 06:43:07 UTC
2019-09-13,100694,74752.0,101749.0,96.09215838796902,2931.0,2026-07-29 06:43:07 UTC
2019-09-20,99670,76358.0,103264.0,86.64238459823088,-1024.0,2026-07-29 06:43:07 UTC
2019-09-27,100641,78004.0,104000.0,87.07878135097708,971.0,2026-07-29 06:43:07 UTC
2019-10-04,100773,78928.0,103928.0,87.38,132.0,2026-07-29 06:43:07 UTC
2019-10-11,100445,78837.0,102682.0,90.61857831830572,-328.0,2026-07-29 06:43:07 UTC
2019-10-18,99985,77620.0,101587.0,93.31580923770184,-460.0,2026-07-29 06:43:07 UTC
2019-10-25,99848,78345.0,101563.0,92.61348953398225,-137.0,2026-07-29 06:43:07 UTC
2019-11-01,100168,77200.0,102411.0,91.1030899210662,320.0,2026-07-29 06:43:07 UTC
2019-11-08,97653,74680.0,103974.0,78.42220249880522,-2515.0,2026-07-29 06:43:07 UTC
2019-11-15,94210,73714.0,104469.0,66.6428223053162,-3443.0,2026-07-29 06:43:07 UTC
2019-11-22,93527,73154.0,106202.0,61.64669571532316,-683.0,2026-07-29 06:43:07 UTC
2019-11-29,91782,74470.0,104103.0,58.42135457091756,-1745.0,2026-07-29 06:43:07 UTC
2019-12-06,93500,74668.0,100658.0,72.45863793766833,1718.0,2026-07-29 06:43:07 UTC
2019-12-13,90960,71345.0,98975.0,70.99167571480275,-2540.0,2026-07-29 06:43:07 UTC
2019-12-20,88398,68634.0,97638.0,68.14232519652462,-2562.0,2026-07-29 06:43:07 UTC
2019-12-27,88186,67976.0,97734.0,67.91451038376235,-212.0,2026-07-29 06:43:07 UTC
2020-01-03,88885,61682.0,91858.0,90.14779957582184,699.0,2026-07-29 06:43:07 UTC
2020-01-10,87938,58007.0,89943.0,93.72181863727455,-947.0,2026-07-29 06:43:07 UTC
2020-01-17,86508,53992.0,83695.0,109.47042386290946,-1430.0,2026-07-29 06:43:07 UTC
2020-01-24,82885,53060.0,78086.0,119.17605690082314,-3623.0,2026-07-29 06:43:07 UTC
2020-01-31,83445,48937.0,74798.0,133.43644870654654,560.0,2026-07-29 06:43:07 UTC
2020-02-07,77273,45641.0,70458.0,127.46101462707016,-6172.0,2026-07-29 06:43:07 UTC
2020-02-14,74260,43093.0,66740.0,131.8010741320252,-3013.0,2026-07-29 06:43:07 UTC
2020-02-21,73572,42713.0,63065.0,151.62637578616352,-688.0,2026-07-29 06:43:07 UTC
2020-02-28,69951,41088.0,62320.0,135.94103240391863,-3621.0,2026-07-29 06:43:07 UTC
2020-03-06,67031,38820.0,62500.0,119.13429054054055,-2920.0,2026-07-29 06:43:07 UTC
2020-03-13,66730,36759.0,62226.0,117.68563238701064,-301.0,2026-07-29 06:43:07 UTC
2020-03-20,64919,35603.0,62825.0,107.6923076923077,-1811.0,2026-07-29 06:43:07 UTC
2020-03-27,64668,36249.0,64858.0,99.33587332657555,-251.0,2026-07-29 06:43:07 UTC
2020-04-03,64500,35832.0,67702.0,89.95293379353623,-168.0,2026-07-29 06:43:07 UTC
